uid	index	classes
airplane-file0000	0	horse
airplane-file0001	1	airplane
airplane-file0002	2	horse
airplane-file0003	3	truck
airplane-file0004	4	horse
airplane-file0005	5	monkey
airplane-file0006	6	horse
airplane-file0007	7	dog
airplane-file0008	8	monkey
airplane-file0009	9	airplane
airplane-file0010	10	ship
airplane-file0011	11	truck
airplane-file0012	12	cat
airplane-file0013	13	truck
airplane-file0014	14	truck
airplane-file0015	15	monkey
airplane-file0016	16	monkey
airplane-file0017	17	deer
airplane-file0018	18	car
airplane-file0019	19	horse
airplane-file0020	20	truck
airplane-file0021	21	airplane
airplane-file0022	22	monkey
airplane-file0023	23	bird
airplane-file0024	24	horse
airplane-file0025	25	dog
airplane-file0026	26	cat
airplane-file0027	27	deer
airplane-file0028	28	airplane
airplane-file0029	29	ship
airplane-file0030	30	monkey
airplane-file0031	31	truck
airplane-file0032	32	deer
airplane-file0033	33	ship
airplane-file0034	34	cat
airplane-file0035	35	deer
airplane-file0036	36	deer
airplane-file0037	37	cat
airplane-file0038	38	cat
airplane-file0039	39	ship
airplane-file0040	40	ship
airplane-file0041	41	deer
airplane-file0042	42	airplane
airplane-file0043	43	airplane
airplane-file0044	44	ship
airplane-file0045	45	truck
airplane-file0046	46	bird
airplane-file0047	47	bird
airplane-file0048	48	cat
airplane-file0049	49	monkey
airplane-file0050	50	truck
airplane-file0051	51	dog
airplane-file0052	52	cat
airplane-file0053	53	truck
airplane-file0054	54	truck
airplane-file0055	55	ship
airplane-file0056	56	airplane
airplane-file0057	57	monkey
airplane-file0058	58	monkey
airplane-file0059	59	ship
airplane-file0060	60	monkey
airplane-file0061	61	dog
airplane-file0062	62	bird
airplane-file0063	63	deer
airplane-file0064	64	monkey
airplane-file0065	65	ship
airplane-file0066	66	ship
airplane-file0067	67	deer
airplane-file0068	68	monkey
airplane-file0069	69	monkey
airplane-file0070	70	monkey
airplane-file0071	71	deer
airplane-file0072	72	bird
airplane-file0073	73	airplane
airplane-file0074	74	truck
airplane-file0075	75	cat
airplane-file0076	76	cat
airplane-file0077	77	dog
airplane-file0078	78	horse
airplane-file0079	79	cat
airplane-file0080	80	truck
airplane-file0081	81	deer
airplane-file0082	82	monkey
airplane-file0083	83	cat
airplane-file0084	84	dog
airplane-file0085	85	horse
airplane-file0086	86	cat
airplane-file0087	87	monkey
airplane-file0088	88	cat
airplane-file0089	89	monkey
airplane-file0090	90	car
airplane-file0091	91	truck
airplane-file0092	92	airplane
airplane-file0093	93	horse
airplane-file0094	94	monkey
airplane-file0095	95	truck
airplane-file0096	96	monkey
airplane-file0097	97	deer
airplane-file0098	98	truck
airplane-file0099	99	truck
airplane-file0100	100	bird
airplane-file0101	101	deer
airplane-file0102	102	cat
airplane-file0103	103	monkey
airplane-file0104	104	horse
airplane-file0105	105	bird
airplane-file0106	106	deer
airplane-file0107	107	bird
airplane-file0108	108	deer
airplane-file0109	109	cat
airplane-file0110	110	monkey
airplane-file0111	111	horse
airplane-file0112	112	deer
airplane-file0113	113	airplane
airplane-file0114	114	dog
airplane-file0115	115	deer
airplane-file0116	116	truck
airplane-file0117	117	truck
airplane-file0118	118	deer
airplane-file0119	119	ship
airplane-file0120	120	dog
airplane-file0121	121	horse
airplane-file0122	122	bird
airplane-file0123	123	truck
airplane-file0124	124	airplane
airplane-file0125	125	ship
airplane-file0126	126	bird
airplane-file0127	127	airplane
airplane-file0128	128	bird
airplane-file0129	129	airplane
airplane-file0130	130	cat
airplane-file0131	131	horse
airplane-file0132	132	horse
airplane-file0133	133	dog
airplane-file0134	134	horse
airplane-file0135	135	ship
airplane-file0136	136	cat
airplane-file0137	137	airplane
airplane-file0138	138	airplane
airplane-file0139	139	truck
airplane-file0140	140	horse
airplane-file0141	141	deer
airplane-file0142	142	deer
airplane-file0143	143	car
airplane-file0144	144	cat
airplane-file0145	145	deer
airplane-file0146	146	cat
airplane-file0147	147	car
airplane-file0148	148	cat
airplane-file0149	149	deer
airplane-file0150	150	bird
airplane-file0151	151	dog
airplane-file0152	152	airplane
airplane-file0153	153	truck
airplane-file0154	154	deer
airplane-file0155	155	bird
airplane-file0156	156	truck
airplane-file0157	157	cat
airplane-file0158	158	dog
airplane-file0159	159	horse
airplane-file0160	160	truck
airplane-file0161	161	horse
airplane-file0162	162	truck
airplane-file0163	163	bird
airplane-file0164	164	horse
airplane-file0165	165	airplane
airplane-file0166	166	cat
airplane-file0167	167	cat
airplane-file0168	168	deer
airplane-file0169	169	truck
airplane-file0170	170	car
airplane-file0171	171	car
airplane-file0172	172	truck
airplane-file0173	173	truck
airplane-file0174	174	truck
airplane-file0175	175	dog
airplane-file0176	176	horse
airplane-file0177	177	car
airplane-file0178	178	ship
airplane-file0179	179	dog
airplane-file0180	180	ship
airplane-file0181	181	airplane
airplane-file0182	182	airplane
airplane-file0183	183	bird
airplane-file0184	184	bird
airplane-file0185	185	car
airplane-file0186	186	truck
airplane-file0187	187	deer
airplane-file0188	188	cat
airplane-file0189	189	airplane
airplane-file0190	190	horse
airplane-file0191	191	deer
airplane-file0192	192	airplane
airplane-file0193	193	deer
airplane-file0194	194	deer
airplane-file0195	195	monkey
airplane-file0196	196	horse
airplane-file0197	197	cat
airplane-file0198	198	bird
airplane-file0199	199	deer
airplane-file0200	200	airplane
airplane-file0201	201	monkey
airplane-file0202	202	cat
airplane-file0203	203	deer
airplane-file0204	204	monkey
airplane-file0205	205	truck
airplane-file0206	206	ship
airplane-file0207	207	cat
airplane-file0208	208	deer
airplane-file0209	209	ship
airplane-file0210	210	horse
airplane-file0211	211	bird
airplane-file0212	212	monkey
airplane-file0213	213	monkey
airplane-file0214	214	dog
airplane-file0215	215	airplane
airplane-file0216	216	airplane
airplane-file0217	217	dog
airplane-file0218	218	bird
airplane-file0219	219	airplane
airplane-file0220	220	airplane
airplane-file0221	221	truck
airplane-file0222	222	ship
airplane-file0223	223	cat
airplane-file0224	224	truck
airplane-file0225	225	truck
airplane-file0226	226	horse
airplane-file0227	227	truck
airplane-file0228	228	truck
airplane-file0229	229	cat
airplane-file0230	230	ship
airplane-file0231	231	monkey
airplane-file0232	232	monkey
airplane-file0233	233	cat
airplane-file0234	234	dog
airplane-file0235	235	dog
airplane-file0236	236	car
airplane-file0237	237	ship
airplane-file0238	238	car
airplane-file0239	239	deer
airplane-file0240	240	airplane
airplane-file0241	241	ship
airplane-file0242	242	bird
airplane-file0243	243	horse
airplane-file0244	244	truck
airplane-file0245	245	car
airplane-file0246	246	truck
airplane-file0247	247	airplane
airplane-file0248	248	deer
airplane-file0249	249	dog
airplane-file0250	250	ship
airplane-file0251	251	monkey
airplane-file0252	252	deer
airplane-file0253	253	monkey
airplane-file0254	254	truck
airplane-file0255	255	deer
airplane-file0256	256	truck
airplane-file0257	257	horse
airplane-file0258	258	deer
airplane-file0259	259	horse
airplane-file0260	260	deer
airplane-file0261	261	truck
airplane-file0262	262	deer
airplane-file0263	263	deer
airplane-file0264	264	deer
airplane-file0265	265	truck
airplane-file0266	266	airplane
airplane-file0267	267	dog
airplane-file0268	268	horse
airplane-file0269	269	horse
airplane-file0270	270	monkey
airplane-file0271	271	deer
airplane-file0272	272	ship
airplane-file0273	273	horse
airplane-file0274	274	horse
airplane-file0275	275	monkey
airplane-file0276	276	dog
airplane-file0277	277	horse
airplane-file0278	278	airplane
airplane-file0279	279	horse
airplane-file0280	280	bird
airplane-file0281	281	monkey
airplane-file0282	282	bird
airplane-file0283	283	deer
airplane-file0284	284	monkey
airplane-file0285	285	horse
airplane-file0286	286	airplane
airplane-file0287	287	truck
airplane-file0288	288	horse
airplane-file0289	289	ship
airplane-file0290	290	horse
airplane-file0291	291	truck
airplane-file0292	292	monkey
airplane-file0293	293	deer
airplane-file0294	294	cat
airplane-file0295	295	airplane
airplane-file0296	296	car
airplane-file0297	297	horse
airplane-file0298	298	monkey
airplane-file0299	299	cat
bird-file0000	300	car
bird-file0001	301	dog
bird-file0002	302	bird
bird-file0003	303	horse
bird-file0004	304	cat
bird-file0005	305	car
bird-file0006	306	ship
bird-file0007	307	cat
bird-file0008	308	truck
bird-file0009	309	deer
bird-file0010	310	dog
bird-file0011	311	ship
bird-file0012	312	ship
bird-file0013	313	horse
bird-file0014	314	deer
bird-file0015	315	cat
bird-file0016	316	dog
bird-file0017	317	airplane
bird-file0018	318	airplane
bird-file0019	319	deer
bird-file0020	320	cat
bird-file0021	321	dog
bird-file0022	322	truck
bird-file0023	323	monkey
bird-file0024	324	bird
bird-file0025	325	monkey
bird-file0026	326	dog
bird-file0027	327	cat
bird-file0028	328	monkey
bird-file0029	329	dog
bird-file0030	330	cat
bird-file0031	331	ship
bird-file0032	332	deer
bird-file0033	333	cat
bird-file0034	334	truck
bird-file0035	335	deer
bird-file0036	336	horse
bird-file0037	337	ship
bird-file0038	338	dog
bird-file0039	339	monkey
bird-file0040	340	car
bird-file0041	341	horse
bird-file0042	342	airplane
bird-file0043	343	cat
bird-file0044	344	cat
bird-file0045	345	bird
bird-file0046	346	deer
bird-file0047	347	monkey
bird-file0048	348	dog
bird-file0049	349	dog
bird-file0050	350	dog
bird-file0051	351	ship
bird-file0052	352	bird
bird-file0053	353	truck
bird-file0054	354	ship
bird-file0055	355	truck
bird-file0056	356	dog
bird-file0057	357	deer
bird-file0058	358	truck
bird-file0059	359	dog
bird-file0060	360	ship
bird-file0061	361	monkey
bird-file0062	362	car
bird-file0063	363	truck
bird-file0064	364	bird
bird-file0065	365	car
bird-file0066	366	deer
bird-file0067	367	horse
bird-file0068	368	cat
bird-file0069	369	ship
bird-file0070	370	airplane
bird-file0071	371	ship
bird-file0072	372	monkey
bird-file0073	373	car
bird-file0074	374	truck
bird-file0075	375	car
bird-file0076	376	truck
bird-file0077	377	deer
bird-file0078	378	airplane
bird-file0079	379	horse
bird-file0080	380	bird
bird-file0081	381	truck
bird-file0082	382	airplane
bird-file0083	383	deer
bird-file0084	384	truck
bird-file0085	385	deer
bird-file0086	386	truck
bird-file0087	387	cat
bird-file0088	388	truck
bird-file0089	389	ship
bird-file0090	390	monkey
bird-file0091	391	airplane
bird-file0092	392	truck
bird-file0093	393	monkey
bird-file0094	394	truck
bird-file0095	395	horse
bird-file0096	396	horse
bird-file0097	397	car
bird-file0098	398	cat
bird-file0099	399	horse
bird-file0100	400	airplane
bird-file0101	401	truck
bird-file0102	402	monkey
bird-file0103	403	car
bird-file0104	404	ship
bird-file0105	405	cat
bird-file0106	406	monkey
bird-file0107	407	airplane
bird-file0108	408	deer
bird-file0109	409	cat
bird-file0110	410	cat
bird-file0111	411	airplane
bird-file0112	412	truck
bird-file0113	413	truck
bird-file0114	414	ship
bird-file0115	415	car
bird-file0116	416	monkey
bird-file0117	417	dog
bird-file0118	418	bird
bird-file0119	419	horse
bird-file0120	420	monkey
bird-file0121	421	cat
bird-file0122	422	horse
bird-file0123	423	ship
bird-file0124	424	truck
bird-file0125	425	monkey
bird-file0126	426	bird
bird-file0127	427	car
bird-file0128	428	deer
bird-file0129	429	truck
bird-file0130	430	truck
bird-file0131	431	car
bird-file0132	432	truck
bird-file0133	433	cat
bird-file0134	434	deer
bird-file0135	435	dog
bird-file0136	436	cat
bird-file0137	437	horse
bird-file0138	438	ship
bird-file0139	439	cat
bird-file0140	440	car
bird-file0141	441	deer
bird-file0142	442	dog
bird-file0143	443	horse
bird-file0144	444	bird
bird-file0145	445	cat
bird-file0146	446	truck
bird-file0147	447	monkey
bird-file0148	448	deer
bird-file0149	449	dog
bird-file0150	450	horse
bird-file0151	451	dog
bird-file0152	452	monkey
bird-file0153	453	bird
bird-file0154	454	truck
bird-file0155	455	truck
bird-file0156	456	cat
bird-file0157	457	car
bird-file0158	458	deer
bird-file0159	459	horse
bird-file0160	460	truck
bird-file0161	461	monkey
bird-file0162	462	horse
bird-file0163	463	dog
bird-file0164	464	monkey
bird-file0165	465	airplane
bird-file0166	466	airplane
bird-file0167	467	car
bird-file0168	468	ship
bird-file0169	469	ship
bird-file0170	470	ship
bird-file0171	471	cat
bird-file0172	472	deer
bird-file0173	473	car
bird-file0174	474	monkey
bird-file0175	475	car
bird-file0176	476	monkey
bird-file0177	477	dog
bird-file0178	478	dog
bird-file0179	479	cat
bird-file0180	480	horse
bird-file0181	481	ship
bird-file0182	482	monkey
bird-file0183	483	monkey
bird-file0184	484	bird
bird-file0185	485	dog
bird-file0186	486	ship
bird-file0187	487	deer
bird-file0188	488	airplane
bird-file0189	489	cat
bird-file0190	490	airplane
bird-file0191	491	ship
bird-file0192	492	car
bird-file0193	493	airplane
bird-file0194	494	monkey
bird-file0195	495	monkey
bird-file0196	496	monkey
bird-file0197	497	deer
bird-file0198	498	truck
bird-file0199	499	ship
bird-file0200	500	ship
bird-file0201	501	ship
bird-file0202	502	ship
bird-file0203	503	deer
bird-file0204	504	airplane
bird-file0205	505	dog
bird-file0206	506	dog
bird-file0207	507	horse
bird-file0208	508	airplane
bird-file0209	509	truck
bird-file0210	510	deer
bird-file0211	511	ship
bird-file0212	512	truck
bird-file0213	513	monkey
bird-file0214	514	horse
bird-file0215	515	deer
bird-file0216	516	car
bird-file0217	517	dog
bird-file0218	518	car
bird-file0219	519	deer
bird-file0220	520	car
bird-file0221	521	monkey
bird-file0222	522	car
bird-file0223	523	deer
bird-file0224	524	monkey
bird-file0225	525	bird
bird-file0226	526	airplane
bird-file0227	527	ship
bird-file0228	528	monkey
bird-file0229	529	monkey
bird-file0230	530	ship
bird-file0231	531	ship
bird-file0232	532	truck
bird-file0233	533	monkey
bird-file0234	534	cat
bird-file0235	535	ship
bird-file0236	536	monkey
bird-file0237	537	bird
bird-file0238	538	ship
bird-file0239	539	ship
bird-file0240	540	monkey
bird-file0241	541	dog
bird-file0242	542	monkey
bird-file0243	543	deer
bird-file0244	544	monkey
bird-file0245	545	ship
bird-file0246	546	horse
bird-file0247	547	truck
bird-file0248	548	airplane
bird-file0249	549	bird
bird-file0250	550	dog
bird-file0251	551	car
bird-file0252	552	horse
bird-file0253	553	horse
bird-file0254	554	cat
bird-file0255	555	ship
bird-file0256	556	monkey
bird-file0257	557	ship
bird-file0258	558	deer
bird-file0259	559	deer
bird-file0260	560	ship
bird-file0261	561	dog
bird-file0262	562	horse
bird-file0263	563	dog
bird-file0264	564	truck
bird-file0265	565	deer
bird-file0266	566	airplane
bird-file0267	567	dog
bird-file0268	568	dog
bird-file0269	569	deer
bird-file0270	570	horse
bird-file0271	571	monkey
bird-file0272	572	car
bird-file0273	573	dog
bird-file0274	574	monkey
bird-file0275	575	airplane
bird-file0276	576	cat
bird-file0277	577	bird
bird-file0278	578	deer
bird-file0279	579	monkey
bird-file0280	580	monkey
bird-file0281	581	horse
bird-file0282	582	car
bird-file0283	583	airplane
bird-file0284	584	horse
bird-file0285	585	horse
bird-file0286	586	truck
bird-file0287	587	ship
bird-file0288	588	bird
bird-file0289	589	truck
bird-file0290	590	airplane
bird-file0291	591	ship
bird-file0292	592	horse
car-file0000	593	horse
car-file0001	594	bird
car-file0002	595	cat
car-file0003	596	ship
car-file0004	597	truck
car-file0005	598	dog
car-file0006	599	car
car-file0007	600	bird
car-file0008	601	monkey
car-file0009	602	deer
car-file0010	603	dog
car-file0011	604	monkey
car-file0012	605	truck
car-file0013	606	ship
car-file0014	607	deer
car-file0015	608	dog
car-file0016	609	bird
car-file0017	610	monkey
car-file0018	611	dog
car-file0019	612	monkey
car-file0020	613	dog
car-file0021	614	ship
car-file0022	615	deer
car-file0023	616	dog
car-file0024	617	deer
car-file0025	618	ship
car-file0026	619	car
car-file0027	620	car
car-file0028	621	dog
car-file0029	622	deer
car-file0030	623	truck
car-file0031	624	airplane
car-file0032	625	cat
car-file0033	626	dog
car-file0034	627	dog
car-file0035	628	truck
car-file0036	629	deer
car-file0037	630	monkey
car-file0038	631	bird
car-file0039	632	truck
car-file0040	633	deer
car-file0041	634	monkey
car-file0042	635	car
car-file0043	636	ship
car-file0044	637	monkey
car-file0045	638	cat
car-file0046	639	monkey
car-file0047	640	horse
car-file0048	641	dog
car-file0049	642	airplane
car-file0050	643	dog
car-file0051	644	deer
car-file0052	645	bird
car-file0053	646	dog
car-file0054	647	horse
car-file0055	648	truck
car-file0056	649	ship
car-file0057	650	monkey
car-file0058	651	deer
car-file0059	652	airplane
car-file0060	653	dog
car-file0061	654	dog
car-file0062	655	monkey
car-file0063	656	car
car-file0064	657	dog
car-file0065	658	monkey
car-file0066	659	deer
car-file0067	660	horse
car-file0068	661	truck
car-file0069	662	ship
car-file0070	663	monkey
car-file0071	664	ship
car-file0072	665	truck
car-file0073	666	monkey
car-file0074	667	ship
car-file0075	668	cat
car-file0076	669	cat
car-file0077	670	horse
car-file0078	671	ship
car-file0079	672	monkey
car-file0080	673	horse
car-file0081	674	deer
car-file0082	675	ship
car-file0083	676	ship
car-file0084	677	monkey
car-file0085	678	dog
car-file0086	679	bird
car-file0087	680	monkey
car-file0088	681	monkey
car-file0089	682	monkey
car-file0090	683	truck
car-file0091	684	car
car-file0092	685	ship
car-file0093	686	monkey
car-file0094	687	deer
car-file0095	688	airplane
car-file0096	689	airplane
car-file0097	690	truck
car-file0098	691	cat
car-file0099	692	horse
car-file0100	693	dog
car-file0101	694	deer
car-file0102	695	cat
car-file0103	696	monkey
car-file0104	697	airplane
car-file0105	698	monkey
car-file0106	699	cat
car-file0107	700	monkey
car-file0108	701	car
car-file0109	702	airplane
car-file0110	703	deer
car-file0111	704	cat
car-file0112	705	bird
car-file0113	706	bird
car-file0114	707	airplane
car-file0115	708	car
car-file0116	709	bird
car-file0117	710	deer
car-file0118	711	monkey
car-file0119	712	ship
car-file0120	713	cat
car-file0121	714	bird
car-file0122	715	ship
car-file0123	716	horse
car-file0124	717	deer
car-file0125	718	dog
car-file0126	719	dog
car-file0127	720	dog
car-file0128	721	horse
car-file0129	722	dog
car-file0130	723	horse
car-file0131	724	airplane
car-file0132	725	horse
car-file0133	726	ship
car-file0134	727	bird
car-file0135	728	monkey
car-file0136	729	car
car-file0137	730	monkey
car-file0138	731	car
car-file0139	732	car
car-file0140	733	monkey
car-file0141	734	ship
car-file0142	735	ship
car-file0143	736	bird
car-file0144	737	truck
car-file0145	738	horse
car-file0146	739	truck
car-file0147	740	deer
car-file0148	741	cat
car-file0149	742	airplane
car-file0150	743	airplane
car-file0151	744	cat
car-file0152	745	monkey
car-file0153	746	deer
car-file0154	747	cat
car-file0155	748	ship
car-file0156	749	monkey
car-file0157	750	cat
car-file0158	751	deer
car-file0159	752	ship
car-file0160	753	airplane
car-file0161	754	monkey
car-file0162	755	ship
car-file0163	756	truck
car-file0164	757	car
car-file0165	758	truck
car-file0166	759	monkey
car-file0167	760	monkey
car-file0168	761	monkey
car-file0169	762	deer
car-file0170	763	dog
car-file0171	764	dog
car-file0172	765	car
car-file0173	766	ship
car-file0174	767	monkey
car-file0175	768	horse
car-file0176	769	horse
car-file0177	770	horse
car-file0178	771	deer
car-file0179	772	ship
car-file0180	773	truck
car-file0181	774	airplane
car-file0182	775	cat
car-file0183	776	airplane
car-file0184	777	deer
car-file0185	778	deer
car-file0186	779	bird
car-file0187	780	horse
car-file0188	781	truck
car-file0189	782	cat
car-file0190	783	monkey
car-file0191	784	bird
car-file0192	785	ship
car-file0193	786	airplane
car-file0194	787	horse
car-file0195	788	deer
car-file0196	789	dog
car-file0197	790	deer
car-file0198	791	deer
car-file0199	792	monkey
car-file0200	793	truck
car-file0201	794	car
car-file0202	795	monkey
car-file0203	796	horse
car-file0204	797	dog
car-file0205	798	truck
car-file0206	799	monkey
car-file0207	800	bird
car-file0208	801	cat
car-file0209	802	monkey
car-file0210	803	horse
car-file0211	804	airplane
car-file0212	805	cat
car-file0213	806	deer
car-file0214	807	monkey
car-file0215	808	bird
car-file0216	809	bird
car-file0217	810	truck
car-file0218	811	ship
car-file0219	812	bird
car-file0220	813	dog
car-file0221	814	monkey
car-file0222	815	car
car-file0223	816	car
car-file0224	817	deer
car-file0225	818	monkey
car-file0226	819	airplane
car-file0227	820	horse
car-file0228	821	ship
car-file0229	822	cat
car-file0230	823	monkey
car-file0231	824	deer
car-file0232	825	horse
car-file0233	826	cat
car-file0234	827	deer
car-file0235	828	truck
car-file0236	829	horse
car-file0237	830	truck
car-file0238	831	deer
car-file0239	832	deer
car-file0240	833	airplane
car-file0241	834	car
car-file0242	835	cat
car-file0243	836	airplane
car-file0244	837	truck
car-file0245	838	monkey
car-file0246	839	cat
car-file0247	840	airplane
car-file0248	841	cat
car-file0249	842	horse
car-file0250	843	airplane
car-file0251	844	bird
car-file0252	845	truck
car-file0253	846	horse
car-file0254	847	bird
car-file0255	848	horse
car-file0256	849	bird
car-file0257	850	dog
car-file0258	851	cat
car-file0259	852	truck
car-file0260	853	horse
car-file0261	854	truck
car-file0262	855	horse
car-file0263	856	deer
car-file0264	857	deer
car-file0265	858	deer
car-file0266	859	monkey
car-file0267	860	monkey
car-file0268	861	cat
car-file0269	862	ship
car-file0270	863	car
car-file0271	864	dog
car-file0272	865	airplane
car-file0273	866	bird
car-file0274	867	cat
car-file0275	868	deer
car-file0276	869	horse
car-file0277	870	monkey
car-file0278	871	dog
car-file0279	872	cat
car-file0280	873	monkey
car-file0281	874	horse
car-file0282	875	cat
car-file0283	876	deer
car-file0284	877	deer
car-file0285	878	airplane
car-file0286	879	deer
car-file0287	880	car
car-file0288	881	cat
car-file0289	882	horse
car-file0290	883	truck
car-file0291	884	cat
car-file0292	885	car
car-file0293	886	car
car-file0294	887	dog
car-file0295	888	deer
car-file0296	889	deer
car-file0297	890	deer
car-file0298	891	horse
car-file0299	892	deer
car-file0300	893	airplane
car-file0301	894	ship
car-file0302	895	deer
car-file0303	896	airplane
car-file0304	897	truck
car-file0305	898	bird
car-file0306	899	deer
car-file0307	900	cat
car-file0308	901	horse
car-file0309	902	deer
car-file0310	903	cat
car-file0311	904	dog
car-file0312	905	deer
car-file0313	906	truck
car-file0314	907	bird
car-file0315	908	car
cat-file0000	909	deer
cat-file0001	910	airplane
cat-file0002	911	truck
cat-file0003	912	bird
cat-file0004	913	car
cat-file0005	914	truck
cat-file0006	915	car
cat-file0007	916	airplane
cat-file0008	917	monkey
cat-file0009	918	dog
cat-file0010	919	monkey
cat-file0011	920	horse
cat-file0012	921	horse
cat-file0013	922	bird
cat-file0014	923	deer
cat-file0015	924	deer
cat-file0016	925	ship
cat-file0017	926	cat
cat-file0018	927	ship
cat-file0019	928	bird
cat-file0020	929	truck
cat-file0021	930	truck
cat-file0022	931	truck
cat-file0023	932	deer
cat-file0024	933	bird
cat-file0025	934	monkey
cat-file0026	935	airplane
cat-file0027	936	deer
cat-file0028	937	horse
cat-file0029	938	bird
cat-file0030	939	dog
cat-file0031	940	cat
cat-file0032	941	horse
cat-file0033	942	ship
cat-file0034	943	car
cat-file0035	944	airplane
cat-file0036	945	monkey
cat-file0037	946	truck
cat-file0038	947	monkey
cat-file0039	948	ship
cat-file0040	949	monkey
cat-file0041	950	horse
cat-file0042	951	ship
cat-file0043	952	cat
cat-file0044	953	airplane
cat-file0045	954	ship
cat-file0046	955	truck
cat-file0047	956	airplane
cat-file0048	957	car
cat-file0049	958	deer
cat-file0050	959	horse
cat-file0051	960	truck
cat-file0052	961	bird
cat-file0053	962	monkey
cat-file0054	963	truck
cat-file0055	964	ship
cat-file0056	965	bird
cat-file0057	966	deer
cat-file0058	967	cat
cat-file0059	968	cat
cat-file0060	969	ship
cat-file0061	970	dog
cat-file0062	971	ship
cat-file0063	972	monkey
cat-file0064	973	horse
cat-file0065	974	monkey
cat-file0066	975	monkey
cat-file0067	976	monkey
cat-file0068	977	ship
cat-file0069	978	deer
cat-file0070	979	car
cat-file0071	980	deer
cat-file0072	981	ship
cat-file0073	982	car
cat-file0074	983	truck
cat-file0075	984	monkey
cat-file0076	985	horse
cat-file0077	986	deer
cat-file0078	987	ship
cat-file0079	988	deer
cat-file0080	989	deer
cat-file0081	990	monkey
cat-file0082	991	horse
cat-file0083	992	car
cat-file0084	993	dog
cat-file0085	994	horse
cat-file0086	995	monkey
cat-file0087	996	truck
cat-file0088	997	cat
cat-file0089	998	cat
cat-file0090	999	car
cat-file0091	1000	airplane
cat-file0092	1001	car
cat-file0093	1002	cat
cat-file0094	1003	deer
cat-file0095	1004	deer
cat-file0096	1005	horse
cat-file0097	1006	dog
cat-file0098	1007	car
cat-file0099	1008	car
cat-file0100	1009	deer
cat-file0101	1010	deer
cat-file0102	1011	monkey
cat-file0103	1012	deer
cat-file0104	1013	car
cat-file0105	1014	truck
cat-file0106	1015	ship
cat-file0107	1016	horse
cat-file0108	1017	deer
cat-file0109	1018	ship
cat-file0110	1019	cat
cat-file0111	1020	monkey
cat-file0112	1021	dog
cat-file0113	1022	airplane
cat-file0114	1023	truck
cat-file0115	1024	deer
cat-file0116	1025	cat
cat-file0117	1026	cat
cat-file0118	1027	horse
cat-file0119	1028	airplane
cat-file0120	1029	monkey
cat-file0121	1030	dog
cat-file0122	1031	truck
cat-file0123	1032	deer
cat-file0124	1033	truck
cat-file0125	1034	horse
cat-file0126	1035	cat
cat-file0127	1036	dog
cat-file0128	1037	bird
cat-file0129	1038	deer
cat-file0130	1039	deer
cat-file0131	1040	bird
cat-file0132	1041	deer
cat-file0133	1042	monkey
cat-file0134	1043	deer
cat-file0135	1044	airplane
cat-file0136	1045	deer
cat-file0137	1046	deer
cat-file0138	1047	ship
cat-file0139	1048	truck
cat-file0140	1049	monkey
cat-file0141	1050	truck
cat-file0142	1051	cat
cat-file0143	1052	monkey
cat-file0144	1053	monkey
cat-file0145	1054	ship
cat-file0146	1055	cat
cat-file0147	1056	monkey
cat-file0148	1057	ship
cat-file0149	1058	car
cat-file0150	1059	truck
cat-file0151	1060	dog
cat-file0152	1061	car
cat-file0153	1062	deer
cat-file0154	1063	ship
cat-file0155	1064	truck
cat-file0156	1065	deer
cat-file0157	1066	deer
cat-file0158	1067	ship
cat-file0159	1068	ship
cat-file0160	1069	truck
cat-file0161	1070	bird
cat-file0162	1071	dog
cat-file0163	1072	horse
cat-file0164	1073	truck
cat-file0165	1074	ship
cat-file0166	1075	airplane
cat-file0167	1076	airplane
cat-file0168	1077	truck
cat-file0169	1078	monkey
cat-file0170	1079	truck
cat-file0171	1080	cat
cat-file0172	1081	car
cat-file0173	1082	deer
cat-file0174	1083	bird
cat-file0175	1084	car
cat-file0176	1085	deer
cat-file0177	1086	bird
cat-file0178	1087	horse
cat-file0179	1088	car
cat-file0180	1089	cat
cat-file0181	1090	airplane
cat-file0182	1091	monkey
cat-file0183	1092	airplane
cat-file0184	1093	truck
cat-file0185	1094	bird
cat-file0186	1095	ship
cat-file0187	1096	truck
cat-file0188	1097	deer
cat-file0189	1098	airplane
cat-file0190	1099	horse
cat-file0191	1100	monkey
cat-file0192	1101	truck
cat-file0193	1102	car
cat-file0194	1103	car
cat-file0195	1104	monkey
cat-file0196	1105	monkey
cat-file0197	1106	bird
cat-file0198	1107	monkey
cat-file0199	1108	cat
cat-file0200	1109	dog
cat-file0201	1110	cat
cat-file0202	1111	ship
cat-file0203	1112	truck
cat-file0204	1113	monkey
cat-file0205	1114	horse
cat-file0206	1115	cat
cat-file0207	1116	ship
cat-file0208	1117	deer
cat-file0209	1118	dog
cat-file0210	1119	airplane
cat-file0211	1120	monkey
cat-file0212	1121	monkey
cat-file0213	1122	deer
cat-file0214	1123	car
cat-file0215	1124	monkey
cat-file0216	1125	truck
cat-file0217	1126	truck
cat-file0218	1127	car
cat-file0219	1128	horse
cat-file0220	1129	monkey
cat-file0221	1130	truck
cat-file0222	1131	truck
cat-file0223	1132	bird
cat-file0224	1133	car
cat-file0225	1134	airplane
cat-file0226	1135	horse
cat-file0227	1136	truck
cat-file0228	1137	cat
cat-file0229	1138	airplane
cat-file0230	1139	dog
cat-file0231	1140	monkey
cat-file0232	1141	dog
cat-file0233	1142	monkey
cat-file0234	1143	ship
cat-file0235	1144	monkey
cat-file0236	1145	truck
cat-file0237	1146	airplane
cat-file0238	1147	car
cat-file0239	1148	deer
cat-file0240	1149	ship
cat-file0241	1150	cat
cat-file0242	1151	truck
cat-file0243	1152	car
cat-file0244	1153	cat
cat-file0245	1154	truck
cat-file0246	1155	dog
cat-file0247	1156	bird
cat-file0248	1157	ship
cat-file0249	1158	monkey
cat-file0250	1159	airplane
cat-file0251	1160	horse
cat-file0252	1161	airplane
cat-file0253	1162	monkey
cat-file0254	1163	truck
cat-file0255	1164	car
cat-file0256	1165	truck
cat-file0257	1166	monkey
cat-file0258	1167	deer
cat-file0259	1168	bird
cat-file0260	1169	deer
cat-file0261	1170	horse
cat-file0262	1171	dog
cat-file0263	1172	deer
cat-file0264	1173	horse
cat-file0265	1174	cat
cat-file0266	1175	airplane
cat-file0267	1176	monkey
cat-file0268	1177	dog
cat-file0269	1178	monkey
cat-file0270	1179	monkey
deer-file0000	1180	monkey
deer-file0001	1181	truck
deer-file0002	1182	monkey
deer-file0003	1183	horse
deer-file0004	1184	horse
deer-file0005	1185	airplane
deer-file0006	1186	airplane
deer-file0007	1187	airplane
deer-file0008	1188	monkey
deer-file0009	1189	cat
deer-file0010	1190	truck
deer-file0011	1191	deer
deer-file0012	1192	monkey
deer-file0013	1193	monkey
deer-file0014	1194	cat
deer-file0015	1195	truck
deer-file0016	1196	monkey
deer-file0017	1197	car
deer-file0018	1198	bird
deer-file0019	1199	airplane
deer-file0020	1200	truck
deer-file0021	1201	monkey
deer-file0022	1202	dog
deer-file0023	1203	monkey
deer-file0024	1204	cat
deer-file0025	1205	ship
deer-file0026	1206	monkey
deer-file0027	1207	dog
deer-file0028	1208	deer
deer-file0029	1209	cat
deer-file0030	1210	ship
deer-file0031	1211	ship
deer-file0032	1212	cat
deer-file0033	1213	cat
deer-file0034	1214	ship
deer-file0035	1215	truck
deer-file0036	1216	ship
deer-file0037	1217	cat
deer-file0038	1218	ship
deer-file0039	1219	dog
deer-file0040	1220	airplane
deer-file0041	1221	cat
deer-file0042	1222	truck
deer-file0043	1223	horse
deer-file0044	1224	horse
deer-file0045	1225	deer
deer-file0046	1226	airplane
deer-file0047	1227	horse
deer-file0048	1228	ship
deer-file0049	1229	cat
deer-file0050	1230	cat
deer-file0051	1231	cat
deer-file0052	1232	ship
deer-file0053	1233	bird
deer-file0054	1234	cat
deer-file0055	1235	bird
deer-file0056	1236	car
deer-file0057	1237	monkey
deer-file0058	1238	airplane
deer-file0059	1239	horse
deer-file0060	1240	horse
deer-file0061	1241	truck
deer-file0062	1242	dog
deer-file0063	1243	deer
deer-file0064	1244	cat
deer-file0065	1245	horse
deer-file0066	1246	car
deer-file0067	1247	deer
deer-file0068	1248	truck
deer-file0069	1249	airplane
deer-file0070	1250	deer
deer-file0071	1251	airplane
deer-file0072	1252	ship
deer-file0073	1253	dog
deer-file0074	1254	truck
deer-file0075	1255	horse
deer-file0076	1256	ship
deer-file0077	1257	monkey
deer-file0078	1258	dog
deer-file0079	1259	car
deer-file0080	1260	monkey
deer-file0081	1261	bird
deer-file0082	1262	deer
deer-file0083	1263	airplane
deer-file0084	1264	airplane
deer-file0085	1265	airplane
deer-file0086	1266	car
deer-file0087	1267	monkey
deer-file0088	1268	car
deer-file0089	1269	ship
deer-file0090	1270	monkey
deer-file0091	1271	ship
deer-file0092	1272	dog
deer-file0093	1273	bird
deer-file0094	1274	truck
deer-file0095	1275	monkey
deer-file0096	1276	cat
deer-file0097	1277	truck
deer-file0098	1278	deer
deer-file0099	1279	dog
deer-file0100	1280	bird
deer-file0101	1281	cat
deer-file0102	1282	airplane
deer-file0103	1283	cat
deer-file0104	1284	airplane
deer-file0105	1285	deer
deer-file0106	1286	monkey
deer-file0107	1287	car
deer-file0108	1288	deer
deer-file0109	1289	dog
deer-file0110	1290	dog
deer-file0111	1291	horse
deer-file0112	1292	horse
deer-file0113	1293	horse
deer-file0114	1294	airplane
deer-file0115	1295	ship
deer-file0116	1296	cat
deer-file0117	1297	car
deer-file0118	1298	monkey
deer-file0119	1299	truck
deer-file0120	1300	deer
deer-file0121	1301	bird
deer-file0122	1302	truck
deer-file0123	1303	bird
deer-file0124	1304	ship
deer-file0125	1305	deer
deer-file0126	1306	truck
deer-file0127	1307	monkey
deer-file0128	1308	ship
deer-file0129	1309	airplane
deer-file0130	1310	truck
deer-file0131	1311	horse
deer-file0132	1312	dog
deer-file0133	1313	cat
deer-file0134	1314	truck
deer-file0135	1315	monkey
deer-file0136	1316	bird
deer-file0137	1317	ship
deer-file0138	1318	deer
deer-file0139	1319	truck
deer-file0140	1320	dog
deer-file0141	1321	ship
deer-file0142	1322	monkey
deer-file0143	1323	car
deer-file0144	1324	car
deer-file0145	1325	ship
deer-file0146	1326	deer
deer-file0147	1327	truck
deer-file0148	1328	horse
deer-file0149	1329	car
deer-file0150	1330	dog
deer-file0151	1331	deer
deer-file0152	1332	deer
deer-file0153	1333	truck
deer-file0154	1334	monkey
deer-file0155	1335	deer
deer-file0156	1336	airplane
deer-file0157	1337	monkey
deer-file0158	1338	horse
deer-file0159	1339	horse
deer-file0160	1340	car
deer-file0161	1341	monkey
deer-file0162	1342	deer
deer-file0163	1343	truck
deer-file0164	1344	car
deer-file0165	1345	bird
deer-file0166	1346	deer
deer-file0167	1347	truck
deer-file0168	1348	horse
deer-file0169	1349	car
deer-file0170	1350	car
deer-file0171	1351	truck
deer-file0172	1352	car
deer-file0173	1353	ship
deer-file0174	1354	truck
deer-file0175	1355	horse
deer-file0176	1356	horse
deer-file0177	1357	dog
deer-file0178	1358	deer
deer-file0179	1359	cat
deer-file0180	1360	deer
deer-file0181	1361	deer
deer-file0182	1362	horse
deer-file0183	1363	airplane
deer-file0184	1364	cat
deer-file0185	1365	airplane
deer-file0186	1366	monkey
deer-file0187	1367	airplane
deer-file0188	1368	deer
deer-file0189	1369	monkey
deer-file0190	1370	ship
deer-file0191	1371	car
deer-file0192	1372	truck
deer-file0193	1373	truck
deer-file0194	1374	truck
deer-file0195	1375	deer
deer-file0196	1376	bird
deer-file0197	1377	car
deer-file0198	1378	horse
deer-file0199	1379	dog
deer-file0200	1380	horse
deer-file0201	1381	bird
deer-file0202	1382	cat
deer-file0203	1383	car
deer-file0204	1384	car
deer-file0205	1385	dog
deer-file0206	1386	horse
deer-file0207	1387	cat
deer-file0208	1388	deer
deer-file0209	1389	truck
deer-file0210	1390	truck
deer-file0211	1391	monkey
deer-file0212	1392	dog
deer-file0213	1393	horse
deer-file0214	1394	ship
deer-file0215	1395	car
deer-file0216	1396	truck
deer-file0217	1397	car
deer-file0218	1398	car
deer-file0219	1399	truck
deer-file0220	1400	horse
deer-file0221	1401	airplane
deer-file0222	1402	dog
deer-file0223	1403	airplane
deer-file0224	1404	cat
deer-file0225	1405	monkey
deer-file0226	1406	deer
deer-file0227	1407	truck
deer-file0228	1408	airplane
deer-file0229	1409	monkey
deer-file0230	1410	horse
deer-file0231	1411	cat
deer-file0232	1412	car
deer-file0233	1413	deer
deer-file0234	1414	horse
deer-file0235	1415	car
deer-file0236	1416	ship
deer-file0237	1417	monkey
deer-file0238	1418	horse
deer-file0239	1419	airplane
deer-file0240	1420	car
deer-file0241	1421	bird
deer-file0242	1422	monkey
deer-file0243	1423	cat
deer-file0244	1424	ship
deer-file0245	1425	monkey
deer-file0246	1426	cat
deer-file0247	1427	deer
deer-file0248	1428	dog
deer-file0249	1429	truck
deer-file0250	1430	car
deer-file0251	1431	monkey
deer-file0252	1432	deer
deer-file0253	1433	deer
deer-file0254	1434	airplane
deer-file0255	1435	car
deer-file0256	1436	bird
deer-file0257	1437	horse
deer-file0258	1438	bird
deer-file0259	1439	truck
deer-file0260	1440	horse
deer-file0261	1441	airplane
deer-file0262	1442	ship
deer-file0263	1443	car
deer-file0264	1444	monkey
deer-file0265	1445	cat
deer-file0266	1446	truck
deer-file0267	1447	deer
deer-file0268	1448	deer
deer-file0269	1449	monkey
deer-file0270	1450	truck
deer-file0271	1451	dog
deer-file0272	1452	airplane
deer-file0273	1453	horse
deer-file0274	1454	car
deer-file0275	1455	ship
deer-file0276	1456	horse
deer-file0277	1457	airplane
deer-file0278	1458	ship
deer-file0279	1459	horse
deer-file0280	1460	car
deer-file0281	1461	truck
deer-file0282	1462	monkey
deer-file0283	1463	monkey
deer-file0284	1464	deer
deer-file0285	1465	cat
deer-file0286	1466	truck
deer-file0287	1467	deer
deer-file0288	1468	cat
deer-file0289	1469	monkey
deer-file0290	1470	deer
deer-file0291	1471	dog
deer-file0292	1472	bird
deer-file0293	1473	deer
deer-file0294	1474	car
deer-file0295	1475	horse
deer-file0296	1476	monkey
deer-file0297	1477	truck
deer-file0298	1478	monkey
deer-file0299	1479	deer
deer-file0300	1480	airplane
deer-file0301	1481	car
deer-file0302	1482	horse
deer-file0303	1483	truck
deer-file0304	1484	car
deer-file0305	1485	bird
deer-file0306	1486	cat
deer-file0307	1487	ship
deer-file0308	1488	monkey
dog-file0000	1489	dog
dog-file0001	1490	car
dog-file0002	1491	truck
dog-file0003	1492	deer
dog-file0004	1493	monkey
dog-file0005	1494	dog
dog-file0006	1495	truck
dog-file0007	1496	dog
dog-file0008	1497	airplane
dog-file0009	1498	monkey
dog-file0010	1499	cat
dog-file0011	1500	deer
dog-file0012	1501	dog
dog-file0013	1502	truck
dog-file0014	1503	deer
dog-file0015	1504	bird
dog-file0016	1505	bird
dog-file0017	1506	airplane
dog-file0018	1507	car
dog-file0019	1508	horse
dog-file0020	1509	horse
dog-file0021	1510	ship
dog-file0022	1511	ship
dog-file0023	1512	truck
dog-file0024	1513	deer
dog-file0025	1514	horse
dog-file0026	1515	cat
dog-file0027	1516	bird
dog-file0028	1517	dog
dog-file0029	1518	deer
dog-file0030	1519	cat
dog-file0031	1520	airplane
dog-file0032	1521	bird
dog-file0033	1522	airplane
dog-file0034	1523	horse
dog-file0035	1524	horse
dog-file0036	1525	airplane
dog-file0037	1526	horse
dog-file0038	1527	truck
dog-file0039	1528	cat
dog-file0040	1529	monkey
dog-file0041	1530	truck
dog-file0042	1531	truck
dog-file0043	1532	monkey
dog-file0044	1533	cat
dog-file0045	1534	horse
dog-file0046	1535	horse
dog-file0047	1536	airplane
dog-file0048	1537	monkey
dog-file0049	1538	monkey
dog-file0050	1539	bird
dog-file0051	1540	monkey
dog-file0052	1541	deer
dog-file0053	1542	truck
dog-file0054	1543	truck
dog-file0055	1544	truck
dog-file0056	1545	cat
dog-file0057	1546	horse
dog-file0058	1547	truck
dog-file0059	1548	deer
dog-file0060	1549	deer
dog-file0061	1550	truck
dog-file0062	1551	ship
dog-file0063	1552	dog
dog-file0064	1553	truck
dog-file0065	1554	deer
dog-file0066	1555	horse
dog-file0067	1556	bird
dog-file0068	1557	dog
dog-file0069	1558	monkey
dog-file0070	1559	airplane
dog-file0071	1560	bird
dog-file0072	1561	car
dog-file0073	1562	deer
dog-file0074	1563	ship
dog-file0075	1564	horse
dog-file0076	1565	monkey
dog-file0077	1566	car
dog-file0078	1567	dog
dog-file0079	1568	deer
dog-file0080	1569	cat
dog-file0081	1570	truck
dog-file0082	1571	monkey
dog-file0083	1572	bird
dog-file0084	1573	horse
dog-file0085	1574	monkey
dog-file0086	1575	monkey
dog-file0087	1576	airplane
dog-file0088	1577	deer
dog-file0089	1578	monkey
dog-file0090	1579	deer
dog-file0091	1580	dog
dog-file0092	1581	airplane
dog-file0093	1582	airplane
dog-file0094	1583	deer
dog-file0095	1584	bird
dog-file0096	1585	deer
dog-file0097	1586	truck
dog-file0098	1587	monkey
dog-file0099	1588	dog
dog-file0100	1589	horse
dog-file0101	1590	monkey
dog-file0102	1591	car
dog-file0103	1592	monkey
dog-file0104	1593	truck
dog-file0105	1594	monkey
dog-file0106	1595	dog
dog-file0107	1596	deer
dog-file0108	1597	airplane
dog-file0109	1598	bird
dog-file0110	1599	ship
dog-file0111	1600	ship
dog-file0112	1601	monkey
dog-file0113	1602	deer
dog-file0114	1603	cat
dog-file0115	1604	deer
dog-file0116	1605	car
dog-file0117	1606	ship
dog-file0118	1607	airplane
dog-file0119	1608	car
dog-file0120	1609	car
dog-file0121	1610	airplane
dog-file0122	1611	deer
dog-file0123	1612	airplane
dog-file0124	1613	horse
dog-file0125	1614	monkey
dog-file0126	1615	car
dog-file0127	1616	monkey
dog-file0128	1617	deer
dog-file0129	1618	dog
dog-file0130	1619	cat
dog-file0131	1620	deer
dog-file0132	1621	deer
dog-file0133	1622	dog
dog-file0134	1623	bird
dog-file0135	1624	airplane
dog-file0136	1625	car
dog-file0137	1626	ship
dog-file0138	1627	cat
dog-file0139	1628	horse
dog-file0140	1629	bird
dog-file0141	1630	deer
dog-file0142	1631	bird
dog-file0143	1632	monkey
dog-file0144	1633	monkey
dog-file0145	1634	deer
dog-file0146	1635	dog
dog-file0147	1636	car
dog-file0148	1637	cat
dog-file0149	1638	horse
dog-file0150	1639	monkey
dog-file0151	1640	airplane
dog-file0152	1641	airplane
dog-file0153	1642	cat
dog-file0154	1643	deer
dog-file0155	1644	truck
dog-file0156	1645	car
dog-file0157	1646	deer
dog-file0158	1647	monkey
dog-file0159	1648	airplane
dog-file0160	1649	monkey
dog-file0161	1650	car
dog-file0162	1651	horse
dog-file0163	1652	ship
dog-file0164	1653	truck
dog-file0165	1654	truck
dog-file0166	1655	airplane
dog-file0167	1656	horse
dog-file0168	1657	deer
dog-file0169	1658	truck
dog-file0170	1659	bird
dog-file0171	1660	airplane
dog-file0172	1661	dog
dog-file0173	1662	ship
dog-file0174	1663	truck
dog-file0175	1664	bird
dog-file0176	1665	bird
dog-file0177	1666	horse
dog-file0178	1667	horse
dog-file0179	1668	car
dog-file0180	1669	dog
dog-file0181	1670	car
dog-file0182	1671	truck
dog-file0183	1672	truck
dog-file0184	1673	horse
dog-file0185	1674	ship
dog-file0186	1675	bird
dog-file0187	1676	monkey
dog-file0188	1677	airplane
dog-file0189	1678	car
dog-file0190	1679	airplane
dog-file0191	1680	monkey
dog-file0192	1681	ship
dog-file0193	1682	bird
dog-file0194	1683	monkey
dog-file0195	1684	deer
dog-file0196	1685	monkey
dog-file0197	1686	ship
dog-file0198	1687	monkey
dog-file0199	1688	truck
dog-file0200	1689	deer
dog-file0201	1690	ship
dog-file0202	1691	horse
dog-file0203	1692	bird
dog-file0204	1693	truck
dog-file0205	1694	cat
dog-file0206	1695	horse
dog-file0207	1696	deer
dog-file0208	1697	monkey
dog-file0209	1698	airplane
dog-file0210	1699	truck
dog-file0211	1700	deer
dog-file0212	1701	monkey
dog-file0213	1702	car
dog-file0214	1703	deer
dog-file0215	1704	monkey
dog-file0216	1705	deer
dog-file0217	1706	airplane
dog-file0218	1707	horse
dog-file0219	1708	airplane
dog-file0220	1709	airplane
dog-file0221	1710	deer
dog-file0222	1711	dog
dog-file0223	1712	bird
dog-file0224	1713	airplane
dog-file0225	1714	monkey
dog-file0226	1715	deer
dog-file0227	1716	car
dog-file0228	1717	monkey
dog-file0229	1718	airplane
dog-file0230	1719	bird
dog-file0231	1720	monkey
dog-file0232	1721	car
dog-file0233	1722	monkey
dog-file0234	1723	deer
dog-file0235	1724	truck
dog-file0236	1725	monkey
dog-file0237	1726	horse
dog-file0238	1727	cat
dog-file0239	1728	cat
dog-file0240	1729	cat
dog-file0241	1730	car
dog-file0242	1731	monkey
dog-file0243	1732	truck
dog-file0244	1733	deer
dog-file0245	1734	dog
dog-file0246	1735	ship
dog-file0247	1736	car
dog-file0248	1737	deer
dog-file0249	1738	truck
dog-file0250	1739	ship
dog-file0251	1740	horse
dog-file0252	1741	deer
dog-file0253	1742	car
dog-file0254	1743	dog
dog-file0255	1744	bird
dog-file0256	1745	airplane
dog-file0257	1746	monkey
dog-file0258	1747	car
dog-file0259	1748	dog
dog-file0260	1749	ship
dog-file0261	1750	truck
dog-file0262	1751	deer
dog-file0263	1752	deer
dog-file0264	1753	ship
dog-file0265	1754	bird
dog-file0266	1755	airplane
dog-file0267	1756	horse
dog-file0268	1757	car
dog-file0269	1758	car
dog-file0270	1759	ship
dog-file0271	1760	cat
dog-file0272	1761	horse
dog-file0273	1762	airplane
dog-file0274	1763	monkey
dog-file0275	1764	car
dog-file0276	1765	dog
dog-file0277	1766	ship
dog-file0278	1767	ship
dog-file0279	1768	monkey
dog-file0280	1769	deer
dog-file0281	1770	dog
dog-file0282	1771	dog
dog-file0283	1772	dog
dog-file0284	1773	horse
dog-file0285	1774	dog
dog-file0286	1775	ship
dog-file0287	1776	car
dog-file0288	1777	dog
dog-file0289	1778	monkey
dog-file0290	1779	horse
dog-file0291	1780	deer
dog-file0292	1781	dog
dog-file0293	1782	airplane
dog-file0294	1783	dog
dog-file0295	1784	truck
dog-file0296	1785	monkey
dog-file0297	1786	bird
dog-file0298	1787	bird
dog-file0299	1788	horse
dog-file0300	1789	dog
dog-file0301	1790	truck
dog-file0302	1791	deer
dog-file0303	1792	truck
dog-file0304	1793	cat
dog-file0305	1794	deer
dog-file0306	1795	airplane
dog-file0307	1796	airplane
dog-file0308	1797	truck
dog-file0309	1798	car
dog-file0310	1799	truck
dog-file0311	1800	deer
dog-file0312	1801	ship
dog-file0313	1802	car
dog-file0314	1803	truck
dog-file0315	1804	bird
dog-file0316	1805	deer
horse-file0000	1806	ship
horse-file0001	1807	car
horse-file0002	1808	bird
horse-file0003	1809	airplane
horse-file0004	1810	deer
horse-file0005	1811	horse
horse-file0006	1812	car
horse-file0007	1813	dog
horse-file0008	1814	deer
horse-file0009	1815	cat
horse-file0010	1816	ship
horse-file0011	1817	dog
horse-file0012	1818	ship
horse-file0013	1819	horse
horse-file0014	1820	bird
horse-file0015	1821	dog
horse-file0016	1822	car
horse-file0017	1823	ship
horse-file0018	1824	cat
horse-file0019	1825	ship
horse-file0020	1826	car
horse-file0021	1827	ship
horse-file0022	1828	horse
horse-file0023	1829	bird
horse-file0024	1830	car
horse-file0025	1831	ship
horse-file0026	1832	airplane
horse-file0027	1833	car
horse-file0028	1834	ship
horse-file0029	1835	truck
horse-file0030	1836	deer
horse-file0031	1837	ship
horse-file0032	1838	horse
horse-file0033	1839	monkey
horse-file0034	1840	cat
horse-file0035	1841	truck
horse-file0036	1842	ship
horse-file0037	1843	monkey
horse-file0038	1844	airplane
horse-file0039	1845	deer
horse-file0040	1846	bird
horse-file0041	1847	airplane
horse-file0042	1848	dog
horse-file0043	1849	ship
horse-file0044	1850	dog
horse-file0045	1851	car
horse-file0046	1852	cat
horse-file0047	1853	truck
horse-file0048	1854	horse
horse-file0049	1855	ship
horse-file0050	1856	airplane
horse-file0051	1857	monkey
horse-file0052	1858	car
horse-file0053	1859	horse
horse-file0054	1860	monkey
horse-file0055	1861	monkey
horse-file0056	1862	ship
horse-file0057	1863	horse
horse-file0058	1864	airplane
horse-file0059	1865	deer
horse-file0060	1866	dog
horse-file0061	1867	deer
horse-file0062	1868	airplane
horse-file0063	1869	truck
horse-file0064	1870	monkey
horse-file0065	1871	truck
horse-file0066	1872	truck
horse-file0067	1873	horse
horse-file0068	1874	airplane
horse-file0069	1875	horse
horse-file0070	1876	ship
horse-file0071	1877	monkey
horse-file0072	1878	deer
horse-file0073	1879	cat
horse-file0074	1880	car
horse-file0075	1881	monkey
horse-file0076	1882	dog
horse-file0077	1883	truck
horse-file0078	1884	horse
horse-file0079	1885	truck
horse-file0080	1886	ship
horse-file0081	1887	horse
horse-file0082	1888	ship
horse-file0083	1889	monkey
horse-file0084	1890	ship
horse-file0085	1891	cat
horse-file0086	1892	deer
horse-file0087	1893	bird
horse-file0088	1894	truck
horse-file0089	1895	airplane
horse-file0090	1896	deer
horse-file0091	1897	deer
horse-file0092	1898	car
horse-file0093	1899	deer
horse-file0094	1900	ship
horse-file0095	1901	horse
horse-file0096	1902	deer
horse-file0097	1903	ship
horse-file0098	1904	monkey
horse-file0099	1905	cat
horse-file0100	1906	monkey
horse-file0101	1907	horse
horse-file0102	1908	truck
horse-file0103	1909	truck
horse-file0104	1910	horse
horse-file0105	1911	ship
horse-file0106	1912	truck
horse-file0107	1913	ship
horse-file0108	1914	cat
horse-file0109	1915	deer
horse-file0110	1916	deer
horse-file0111	1917	monkey
horse-file0112	1918	car
horse-file0113	1919	deer
horse-file0114	1920	airplane
horse-file0115	1921	dog
horse-file0116	1922	horse
horse-file0117	1923	airplane
horse-file0118	1924	dog
horse-file0119	1925	airplane
horse-file0120	1926	truck
horse-file0121	1927	horse
horse-file0122	1928	monkey
horse-file0123	1929	deer
horse-file0124	1930	car
horse-file0125	1931	monkey
horse-file0126	1932	truck
horse-file0127	1933	airplane
horse-file0128	1934	car
horse-file0129	1935	ship
horse-file0130	1936	horse
horse-file0131	1937	horse
horse-file0132	1938	cat
horse-file0133	1939	deer
horse-file0134	1940	bird
horse-file0135	1941	monkey
horse-file0136	1942	car
horse-file0137	1943	airplane
horse-file0138	1944	truck
horse-file0139	1945	ship
horse-file0140	1946	truck
horse-file0141	1947	dog
horse-file0142	1948	dog
horse-file0143	1949	truck
horse-file0144	1950	deer
horse-file0145	1951	truck
horse-file0146	1952	horse
horse-file0147	1953	truck
horse-file0148	1954	dog
horse-file0149	1955	airplane
horse-file0150	1956	monkey
horse-file0151	1957	dog
horse-file0152	1958	monkey
horse-file0153	1959	truck
horse-file0154	1960	truck
horse-file0155	1961	ship
horse-file0156	1962	truck
horse-file0157	1963	airplane
horse-file0158	1964	monkey
horse-file0159	1965	monkey
horse-file0160	1966	deer
horse-file0161	1967	monkey
horse-file0162	1968	truck
horse-file0163	1969	dog
horse-file0164	1970	horse
horse-file0165	1971	truck
horse-file0166	1972	deer
horse-file0167	1973	airplane
horse-file0168	1974	cat
horse-file0169	1975	bird
horse-file0170	1976	dog
horse-file0171	1977	cat
horse-file0172	1978	monkey
horse-file0173	1979	truck
horse-file0174	1980	car
horse-file0175	1981	cat
horse-file0176	1982	dog
horse-file0177	1983	truck
horse-file0178	1984	deer
horse-file0179	1985	bird
horse-file0180	1986	airplane
horse-file0181	1987	cat
horse-file0182	1988	monkey
horse-file0183	1989	deer
horse-file0184	1990	horse
horse-file0185	1991	deer
horse-file0186	1992	car
horse-file0187	1993	deer
horse-file0188	1994	car
horse-file0189	1995	horse
horse-file0190	1996	car
horse-file0191	1997	ship
horse-file0192	1998	bird
horse-file0193	1999	dog
horse-file0194	2000	bird
horse-file0195	2001	cat
horse-file0196	2002	ship
horse-file0197	2003	dog
horse-file0198	2004	truck
horse-file0199	2005	horse
horse-file0200	2006	bird
horse-file0201	2007	deer
horse-file0202	2008	horse
horse-file0203	2009	car
horse-file0204	2010	airplane
horse-file0205	2011	dog
horse-file0206	2012	deer
horse-file0207	2013	horse
horse-file0208	2014	dog
horse-file0209	2015	horse
horse-file0210	2016	dog
horse-file0211	2017	deer
horse-file0212	2018	dog
horse-file0213	2019	monkey
horse-file0214	2020	horse
horse-file0215	2021	dog
horse-file0216	2022	cat
horse-file0217	2023	truck
horse-file0218	2024	monkey
horse-file0219	2025	horse
horse-file0220	2026	dog
horse-file0221	2027	monkey
horse-file0222	2028	monkey
horse-file0223	2029	horse
horse-file0224	2030	airplane
horse-file0225	2031	ship
horse-file0226	2032	deer
horse-file0227	2033	ship
horse-file0228	2034	monkey
horse-file0229	2035	horse
horse-file0230	2036	deer
horse-file0231	2037	deer
horse-file0232	2038	dog
horse-file0233	2039	dog
horse-file0234	2040	truck
horse-file0235	2041	horse
horse-file0236	2042	ship
horse-file0237	2043	deer
horse-file0238	2044	horse
horse-file0239	2045	car
horse-file0240	2046	horse
horse-file0241	2047	cat
horse-file0242	2048	ship
horse-file0243	2049	ship
horse-file0244	2050	horse
horse-file0245	2051	horse
horse-file0246	2052	truck
horse-file0247	2053	truck
horse-file0248	2054	monkey
horse-file0249	2055	ship
horse-file0250	2056	deer
horse-file0251	2057	airplane
horse-file0252	2058	ship
horse-file0253	2059	deer
horse-file0254	2060	deer
horse-file0255	2061	monkey
horse-file0256	2062	ship
horse-file0257	2063	cat
horse-file0258	2064	monkey
horse-file0259	2065	dog
horse-file0260	2066	monkey
horse-file0261	2067	monkey
horse-file0262	2068	monkey
horse-file0263	2069	ship
horse-file0264	2070	deer
horse-file0265	2071	truck
horse-file0266	2072	ship
horse-file0267	2073	ship
horse-file0268	2074	monkey
horse-file0269	2075	horse
horse-file0270	2076	cat
horse-file0271	2077	dog
horse-file0272	2078	deer
horse-file0273	2079	bird
horse-file0274	2080	horse
horse-file0275	2081	monkey
horse-file0276	2082	truck
horse-file0277	2083	monkey
horse-file0278	2084	dog
horse-file0279	2085	horse
horse-file0280	2086	monkey
horse-file0281	2087	dog
horse-file0282	2088	truck
horse-file0283	2089	monkey
horse-file0284	2090	ship
horse-file0285	2091	bird
horse-file0286	2092	airplane
monkey-file0000	2093	airplane
monkey-file0001	2094	car
monkey-file0002	2095	monkey
monkey-file0003	2096	truck
monkey-file0004	2097	airplane
monkey-file0005	2098	bird
monkey-file0006	2099	truck
monkey-file0007	2100	ship
monkey-file0008	2101	airplane
monkey-file0009	2102	cat
monkey-file0010	2103	truck
monkey-file0011	2104	bird
monkey-file0012	2105	monkey
monkey-file0013	2106	monkey
monkey-file0014	2107	ship
monkey-file0015	2108	truck
monkey-file0016	2109	horse
monkey-file0017	2110	horse
monkey-file0018	2111	deer
monkey-file0019	2112	cat
monkey-file0020	2113	cat
monkey-file0021	2114	ship
monkey-file0022	2115	horse
monkey-file0023	2116	monkey
monkey-file0024	2117	monkey
monkey-file0025	2118	monkey
monkey-file0026	2119	deer
monkey-file0027	2120	dog
monkey-file0028	2121	deer
monkey-file0029	2122	bird
monkey-file0030	2123	horse
monkey-file0031	2124	cat
monkey-file0032	2125	truck
monkey-file0033	2126	dog
monkey-file0034	2127	deer
monkey-file0035	2128	monkey
monkey-file0036	2129	cat
monkey-file0037	2130	airplane
monkey-file0038	2131	cat
monkey-file0039	2132	cat
monkey-file0040	2133	monkey
monkey-file0041	2134	horse
monkey-file0042	2135	monkey
monkey-file0043	2136	ship
monkey-file0044	2137	truck
monkey-file0045	2138	monkey
monkey-file0046	2139	ship
monkey-file0047	2140	horse
monkey-file0048	2141	monkey
monkey-file0049	2142	horse
monkey-file0050	2143	airplane
monkey-file0051	2144	monkey
monkey-file0052	2145	truck
monkey-file0053	2146	truck
monkey-file0054	2147	ship
monkey-file0055	2148	truck
monkey-file0056	2149	horse
monkey-file0057	2150	ship
monkey-file0058	2151	deer
monkey-file0059	2152	truck
monkey-file0060	2153	truck
monkey-file0061	2154	deer
monkey-file0062	2155	truck
monkey-file0063	2156	dog
monkey-file0064	2157	deer
monkey-file0065	2158	cat
monkey-file0066	2159	bird
monkey-file0067	2160	car
monkey-file0068	2161	bird
monkey-file0069	2162	deer
monkey-file0070	2163	deer
monkey-file0071	2164	cat
monkey-file0072	2165	truck
monkey-file0073	2166	airplane
monkey-file0074	2167	dog
monkey-file0075	2168	deer
monkey-file0076	2169	horse
monkey-file0077	2170	truck
monkey-file0078	2171	car
monkey-file0079	2172	horse
monkey-file0080	2173	car
monkey-file0081	2174	car
monkey-file0082	2175	bird
monkey-file0083	2176	bird
monkey-file0084	2177	monkey
monkey-file0085	2178	horse
monkey-file0086	2179	cat
monkey-file0087	2180	airplane
monkey-file0088	2181	truck
monkey-file0089	2182	horse
monkey-file0090	2183	deer
monkey-file0091	2184	car
monkey-file0092	2185	truck
monkey-file0093	2186	cat
monkey-file0094	2187	horse
monkey-file0095	2188	monkey
monkey-file0096	2189	monkey
monkey-file0097	2190	truck
monkey-file0098	2191	monkey
monkey-file0099	2192	dog
monkey-file0100	2193	dog
monkey-file0101	2194	car
monkey-file0102	2195	horse
monkey-file0103	2196	cat
monkey-file0104	2197	ship
monkey-file0105	2198	truck
monkey-file0106	2199	cat
monkey-file0107	2200	monkey
monkey-file0108	2201	cat
monkey-file0109	2202	monkey
monkey-file0110	2203	airplane
monkey-file0111	2204	ship
monkey-file0112	2205	bird
monkey-file0113	2206	car
monkey-file0114	2207	truck
monkey-file0115	2208	truck
monkey-file0116	2209	ship
monkey-file0117	2210	car
monkey-file0118	2211	car
monkey-file0119	2212	cat
monkey-file0120	2213	cat
monkey-file0121	2214	monkey
monkey-file0122	2215	monkey
monkey-file0123	2216	ship
monkey-file0124	2217	monkey
monkey-file0125	2218	deer
monkey-file0126	2219	dog
monkey-file0127	2220	dog
monkey-file0128	2221	cat
monkey-file0129	2222	truck
monkey-file0130	2223	monkey
monkey-file0131	2224	car
monkey-file0132	2225	car
monkey-file0133	2226	airplane
monkey-file0134	2227	bird
monkey-file0135	2228	dog
monkey-file0136	2229	ship
monkey-file0137	2230	cat
monkey-file0138	2231	cat
monkey-file0139	2232	monkey
monkey-file0140	2233	car
monkey-file0141	2234	deer
monkey-file0142	2235	car
monkey-file0143	2236	bird
monkey-file0144	2237	airplane
monkey-file0145	2238	truck
monkey-file0146	2239	truck
monkey-file0147	2240	monkey
monkey-file0148	2241	ship
monkey-file0149	2242	dog
monkey-file0150	2243	monkey
monkey-file0151	2244	dog
monkey-file0152	2245	monkey
monkey-file0153	2246	car
monkey-file0154	2247	monkey
monkey-file0155	2248	cat
monkey-file0156	2249	truck
monkey-file0157	2250	ship
monkey-file0158	2251	bird
monkey-file0159	2252	car
monkey-file0160	2253	truck
monkey-file0161	2254	truck
monkey-file0162	2255	bird
monkey-file0163	2256	deer
monkey-file0164	2257	ship
monkey-file0165	2258	dog
monkey-file0166	2259	truck
monkey-file0167	2260	bird
monkey-file0168	2261	monkey
monkey-file0169	2262	bird
monkey-file0170	2263	horse
monkey-file0171	2264	airplane
monkey-file0172	2265	ship
monkey-file0173	2266	airplane
monkey-file0174	2267	cat
monkey-file0175	2268	truck
monkey-file0176	2269	monkey
monkey-file0177	2270	truck
monkey-file0178	2271	monkey
monkey-file0179	2272	deer
monkey-file0180	2273	airplane
monkey-file0181	2274	car
monkey-file0182	2275	horse
monkey-file0183	2276	deer
monkey-file0184	2277	monkey
monkey-file0185	2278	dog
monkey-file0186	2279	ship
monkey-file0187	2280	cat
monkey-file0188	2281	monkey
monkey-file0189	2282	dog
monkey-file0190	2283	truck
monkey-file0191	2284	bird
monkey-file0192	2285	monkey
monkey-file0193	2286	truck
monkey-file0194	2287	truck
monkey-file0195	2288	deer
monkey-file0196	2289	dog
monkey-file0197	2290	bird
monkey-file0198	2291	ship
monkey-file0199	2292	deer
monkey-file0200	2293	truck
monkey-file0201	2294	horse
monkey-file0202	2295	truck
monkey-file0203	2296	car
monkey-file0204	2297	dog
monkey-file0205	2298	monkey
monkey-file0206	2299	deer
monkey-file0207	2300	airplane
monkey-file0208	2301	bird
monkey-file0209	2302	airplane
monkey-file0210	2303	truck
monkey-file0211	2304	monkey
monkey-file0212	2305	truck
monkey-file0213	2306	airplane
monkey-file0214	2307	cat
monkey-file0215	2308	car
monkey-file0216	2309	deer
monkey-file0217	2310	car
monkey-file0218	2311	car
monkey-file0219	2312	dog
monkey-file0220	2313	deer
monkey-file0221	2314	truck
monkey-file0222	2315	cat
monkey-file0223	2316	ship
monkey-file0224	2317	monkey
monkey-file0225	2318	truck
monkey-file0226	2319	airplane
monkey-file0227	2320	deer
monkey-file0228	2321	horse
monkey-file0229	2322	dog
monkey-file0230	2323	car
monkey-file0231	2324	bird
monkey-file0232	2325	cat
monkey-file0233	2326	ship
monkey-file0234	2327	dog
monkey-file0235	2328	truck
monkey-file0236	2329	monkey
monkey-file0237	2330	ship
monkey-file0238	2331	horse
monkey-file0239	2332	ship
monkey-file0240	2333	dog
monkey-file0241	2334	deer
monkey-file0242	2335	ship
monkey-file0243	2336	car
monkey-file0244	2337	bird
monkey-file0245	2338	deer
monkey-file0246	2339	truck
monkey-file0247	2340	airplane
monkey-file0248	2341	airplane
monkey-file0249	2342	monkey
monkey-file0250	2343	horse
monkey-file0251	2344	horse
monkey-file0252	2345	horse
monkey-file0253	2346	cat
monkey-file0254	2347	cat
monkey-file0255	2348	truck
monkey-file0256	2349	cat
monkey-file0257	2350	deer
monkey-file0258	2351	truck
monkey-file0259	2352	ship
monkey-file0260	2353	cat
monkey-file0261	2354	ship
monkey-file0262	2355	dog
monkey-file0263	2356	monkey
monkey-file0264	2357	cat
monkey-file0265	2358	cat
monkey-file0266	2359	cat
monkey-file0267	2360	horse
monkey-file0268	2361	cat
monkey-file0269	2362	cat
monkey-file0270	2363	car
monkey-file0271	2364	ship
monkey-file0272	2365	airplane
monkey-file0273	2366	horse
monkey-file0274	2367	horse
monkey-file0275	2368	monkey
monkey-file0276	2369	horse
monkey-file0277	2370	truck
monkey-file0278	2371	cat
monkey-file0279	2372	horse
monkey-file0280	2373	horse
monkey-file0281	2374	car
monkey-file0282	2375	cat
monkey-file0283	2376	monkey
monkey-file0284	2377	truck
monkey-file0285	2378	deer
monkey-file0286	2379	cat
monkey-file0287	2380	monkey
monkey-file0288	2381	airplane
monkey-file0289	2382	airplane
monkey-file0290	2383	cat
monkey-file0291	2384	deer
monkey-file0292	2385	deer
monkey-file0293	2386	truck
monkey-file0294	2387	bird
ship-file0000	2388	monkey
ship-file0001	2389	truck
ship-file0002	2390	horse
ship-file0003	2391	dog
ship-file0004	2392	dog
ship-file0005	2393	truck
ship-file0006	2394	car
ship-file0007	2395	car
ship-file0008	2396	ship
ship-file0009	2397	deer
ship-file0010	2398	cat
ship-file0011	2399	monkey
ship-file0012	2400	monkey
ship-file0013	2401	horse
ship-file0014	2402	ship
ship-file0015	2403	dog
ship-file0016	2404	monkey
ship-file0017	2405	dog
ship-file0018	2406	cat
ship-file0019	2407	truck
ship-file0020	2408	truck
ship-file0021	2409	truck
ship-file0022	2410	monkey
ship-file0023	2411	monkey
ship-file0024	2412	horse
ship-file0025	2413	horse
ship-file0026	2414	deer
ship-file0027	2415	car
ship-file0028	2416	truck
ship-file0029	2417	truck
ship-file0030	2418	car
ship-file0031	2419	ship
ship-file0032	2420	truck
ship-file0033	2421	dog
ship-file0034	2422	horse
ship-file0035	2423	cat
ship-file0036	2424	monkey
ship-file0037	2425	cat
ship-file0038	2426	truck
ship-file0039	2427	monkey
ship-file0040	2428	truck
ship-file0041	2429	bird
ship-file0042	2430	monkey
ship-file0043	2431	deer
ship-file0044	2432	airplane
ship-file0045	2433	ship
ship-file0046	2434	horse
ship-file0047	2435	ship
ship-file0048	2436	bird
ship-file0049	2437	truck
ship-file0050	2438	monkey
ship-file0051	2439	monkey
ship-file0052	2440	cat
ship-file0053	2441	car
ship-file0054	2442	ship
ship-file0055	2443	car
ship-file0056	2444	truck
ship-file0057	2445	ship
ship-file0058	2446	dog
ship-file0059	2447	truck
ship-file0060	2448	truck
ship-file0061	2449	deer
ship-file0062	2450	horse
ship-file0063	2451	monkey
ship-file0064	2452	monkey
ship-file0065	2453	ship
ship-file0066	2454	monkey
ship-file0067	2455	monkey
ship-file0068	2456	truck
ship-file0069	2457	truck
ship-file0070	2458	airplane
ship-file0071	2459	airplane
ship-file0072	2460	deer
ship-file0073	2461	truck
ship-file0074	2462	monkey
ship-file0075	2463	horse
ship-file0076	2464	cat
ship-file0077	2465	truck
ship-file0078	2466	dog
ship-file0079	2467	ship
ship-file0080	2468	deer
ship-file0081	2469	airplane
ship-file0082	2470	deer
ship-file0083	2471	ship
ship-file0084	2472	dog
ship-file0085	2473	monkey
ship-file0086	2474	airplane
ship-file0087	2475	car
ship-file0088	2476	deer
ship-file0089	2477	bird
ship-file0090	2478	monkey
ship-file0091	2479	ship
ship-file0092	2480	truck
ship-file0093	2481	truck
ship-file0094	2482	deer
ship-file0095	2483	car
ship-file0096	2484	truck
ship-file0097	2485	airplane
ship-file0098	2486	car
ship-file0099	2487	car
ship-file0100	2488	monkey
ship-file0101	2489	horse
ship-file0102	2490	airplane
ship-file0103	2491	cat
ship-file0104	2492	cat
ship-file0105	2493	ship
ship-file0106	2494	airplane
ship-file0107	2495	monkey
ship-file0108	2496	deer
ship-file0109	2497	deer
ship-file0110	2498	airplane
ship-file0111	2499	deer
ship-file0112	2500	truck
ship-file0113	2501	ship
ship-file0114	2502	truck
ship-file0115	2503	deer
ship-file0116	2504	truck
ship-file0117	2505	cat
ship-file0118	2506	horse
ship-file0119	2507	cat
ship-file0120	2508	ship
ship-file0121	2509	monkey
ship-file0122	2510	cat
ship-file0123	2511	car
ship-file0124	2512	airplane
ship-file0125	2513	dog
ship-file0126	2514	horse
ship-file0127	2515	horse
ship-file0128	2516	horse
ship-file0129	2517	monkey
ship-file0130	2518	cat
ship-file0131	2519	dog
ship-file0132	2520	cat
ship-file0133	2521	truck
ship-file0134	2522	ship
ship-file0135	2523	dog
ship-file0136	2524	car
ship-file0137	2525	monkey
ship-file0138	2526	deer
ship-file0139	2527	monkey
ship-file0140	2528	car
ship-file0141	2529	ship
ship-file0142	2530	horse
ship-file0143	2531	car
ship-file0144	2532	dog
ship-file0145	2533	truck
ship-file0146	2534	bird
ship-file0147	2535	airplane
ship-file0148	2536	deer
ship-file0149	2537	ship
ship-file0150	2538	truck
ship-file0151	2539	car
ship-file0152	2540	car
ship-file0153	2541	horse
ship-file0154	2542	airplane
ship-file0155	2543	monkey
ship-file0156	2544	car
ship-file0157	2545	bird
ship-file0158	2546	truck
ship-file0159	2547	deer
ship-file0160	2548	monkey
ship-file0161	2549	cat
ship-file0162	2550	ship
ship-file0163	2551	car
ship-file0164	2552	deer
ship-file0165	2553	ship
ship-file0166	2554	cat
ship-file0167	2555	dog
ship-file0168	2556	car
ship-file0169	2557	ship
ship-file0170	2558	airplane
ship-file0171	2559	truck
ship-file0172	2560	car
ship-file0173	2561	monkey
ship-file0174	2562	dog
ship-file0175	2563	bird
ship-file0176	2564	truck
ship-file0177	2565	truck
ship-file0178	2566	airplane
ship-file0179	2567	truck
ship-file0180	2568	dog
ship-file0181	2569	cat
ship-file0182	2570	monkey
ship-file0183	2571	bird
ship-file0184	2572	truck
ship-file0185	2573	truck
ship-file0186	2574	monkey
ship-file0187	2575	truck
ship-file0188	2576	deer
ship-file0189	2577	bird
ship-file0190	2578	deer
ship-file0191	2579	car
ship-file0192	2580	ship
ship-file0193	2581	horse
ship-file0194	2582	monkey
ship-file0195	2583	bird
ship-file0196	2584	horse
ship-file0197	2585	horse
ship-file0198	2586	bird
ship-file0199	2587	cat
ship-file0200	2588	monkey
ship-file0201	2589	ship
ship-file0202	2590	truck
ship-file0203	2591	monkey
ship-file0204	2592	horse
ship-file0205	2593	ship
ship-file0206	2594	ship
ship-file0207	2595	truck
ship-file0208	2596	horse
ship-file0209	2597	truck
ship-file0210	2598	deer
ship-file0211	2599	truck
ship-file0212	2600	deer
ship-file0213	2601	deer
ship-file0214	2602	monkey
ship-file0215	2603	cat
ship-file0216	2604	dog
ship-file0217	2605	cat
ship-file0218	2606	monkey
ship-file0219	2607	dog
ship-file0220	2608	airplane
ship-file0221	2609	car
ship-file0222	2610	airplane
ship-file0223	2611	bird
ship-file0224	2612	truck
ship-file0225	2613	monkey
ship-file0226	2614	ship
ship-file0227	2615	truck
ship-file0228	2616	monkey
ship-file0229	2617	monkey
ship-file0230	2618	truck
ship-file0231	2619	truck
ship-file0232	2620	airplane
ship-file0233	2621	airplane
ship-file0234	2622	dog
ship-file0235	2623	truck
ship-file0236	2624	truck
ship-file0237	2625	car
ship-file0238	2626	horse
ship-file0239	2627	dog
ship-file0240	2628	cat
ship-file0241	2629	monkey
ship-file0242	2630	monkey
ship-file0243	2631	cat
ship-file0244	2632	cat
ship-file0245	2633	ship
ship-file0246	2634	deer
ship-file0247	2635	monkey
ship-file0248	2636	truck
ship-file0249	2637	monkey
ship-file0250	2638	car
ship-file0251	2639	cat
ship-file0252	2640	deer
ship-file0253	2641	truck
ship-file0254	2642	monkey
ship-file0255	2643	monkey
ship-file0256	2644	monkey
ship-file0257	2645	bird
ship-file0258	2646	deer
ship-file0259	2647	deer
ship-file0260	2648	deer
ship-file0261	2649	monkey
ship-file0262	2650	ship
ship-file0263	2651	horse
ship-file0264	2652	airplane
ship-file0265	2653	bird
ship-file0266	2654	ship
ship-file0267	2655	ship
ship-file0268	2656	truck
ship-file0269	2657	cat
ship-file0270	2658	car
ship-file0271	2659	monkey
ship-file0272	2660	truck
ship-file0273	2661	bird
ship-file0274	2662	cat
ship-file0275	2663	airplane
ship-file0276	2664	monkey
ship-file0277	2665	truck
ship-file0278	2666	car
ship-file0279	2667	deer
ship-file0280	2668	bird
ship-file0281	2669	car
ship-file0282	2670	cat
ship-file0283	2671	monkey
ship-file0284	2672	deer
ship-file0285	2673	car
ship-file0286	2674	dog
ship-file0287	2675	dog
ship-file0288	2676	bird
ship-file0289	2677	cat
ship-file0290	2678	truck
ship-file0291	2679	dog
ship-file0292	2680	truck
ship-file0293	2681	ship
ship-file0294	2682	dog
ship-file0295	2683	horse
ship-file0296	2684	airplane
truck-file0000	2685	horse
truck-file0001	2686	dog
truck-file0002	2687	truck
truck-file0003	2688	deer
truck-file0004	2689	deer
truck-file0005	2690	ship
truck-file0006	2691	monkey
truck-file0007	2692	dog
truck-file0008	2693	deer
truck-file0009	2694	cat
truck-file0010	2695	ship
truck-file0011	2696	truck
truck-file0012	2697	deer
truck-file0013	2698	car
truck-file0014	2699	horse
truck-file0015	2700	truck
truck-file0016	2701	horse
truck-file0017	2702	deer
truck-file0018	2703	horse
truck-file0019	2704	horse
truck-file0020	2705	horse
truck-file0021	2706	airplane
truck-file0022	2707	truck
truck-file0023	2708	deer
truck-file0024	2709	airplane
truck-file0025	2710	car
truck-file0026	2711	cat
truck-file0027	2712	monkey
truck-file0028	2713	car
truck-file0029	2714	airplane
truck-file0030	2715	deer
truck-file0031	2716	bird
truck-file0032	2717	monkey
truck-file0033	2718	horse
truck-file0034	2719	truck
truck-file0035	2720	monkey
truck-file0036	2721	deer
truck-file0037	2722	monkey
truck-file0038	2723	truck
truck-file0039	2724	horse
truck-file0040	2725	airplane
truck-file0041	2726	bird
truck-file0042	2727	car
truck-file0043	2728	airplane
truck-file0044	2729	car
truck-file0045	2730	bird
truck-file0046	2731	dog
truck-file0047	2732	deer
truck-file0048	2733	deer
truck-file0049	2734	monkey
truck-file0050	2735	ship
truck-file0051	2736	car
truck-file0052	2737	deer
truck-file0053	2738	monkey
truck-file0054	2739	monkey
truck-file0055	2740	car
truck-file0056	2741	dog
truck-file0057	2742	monkey
truck-file0058	2743	airplane
truck-file0059	2744	cat
truck-file0060	2745	ship
truck-file0061	2746	ship
truck-file0062	2747	truck
truck-file0063	2748	truck
truck-file0064	2749	car
truck-file0065	2750	truck
truck-file0066	2751	deer
truck-file0067	2752	ship
truck-file0068	2753	dog
truck-file0069	2754	ship
truck-file0070	2755	airplane
truck-file0071	2756	airplane
truck-file0072	2757	truck
truck-file0073	2758	truck
truck-file0074	2759	ship
truck-file0075	2760	monkey
truck-file0076	2761	horse
truck-file0077	2762	dog
truck-file0078	2763	bird
truck-file0079	2764	ship
truck-file0080	2765	airplane
truck-file0081	2766	deer
truck-file0082	2767	car
truck-file0083	2768	car
truck-file0084	2769	monkey
truck-file0085	2770	bird
truck-file0086	2771	car
truck-file0087	2772	horse
truck-file0088	2773	ship
truck-file0089	2774	monkey
truck-file0090	2775	ship
truck-file0091	2776	deer
truck-file0092	2777	dog
truck-file0093	2778	monkey
truck-file0094	2779	deer
truck-file0095	2780	horse
truck-file0096	2781	monkey
truck-file0097	2782	truck
truck-file0098	2783	dog
truck-file0099	2784	car
truck-file0100	2785	truck
truck-file0101	2786	bird
truck-file0102	2787	bird
truck-file0103	2788	airplane
truck-file0104	2789	car
truck-file0105	2790	bird
truck-file0106	2791	dog
truck-file0107	2792	dog
truck-file0108	2793	ship
truck-file0109	2794	airplane
truck-file0110	2795	deer
truck-file0111	2796	truck
truck-file0112	2797	truck
truck-file0113	2798	bird
truck-file0114	2799	car
truck-file0115	2800	deer
truck-file0116	2801	deer
truck-file0117	2802	ship
truck-file0118	2803	truck
truck-file0119	2804	monkey
truck-file0120	2805	dog
truck-file0121	2806	horse
truck-file0122	2807	airplane
truck-file0123	2808	monkey
truck-file0124	2809	car
truck-file0125	2810	bird
truck-file0126	2811	deer
truck-file0127	2812	airplane
truck-file0128	2813	airplane
truck-file0129	2814	monkey
truck-file0130	2815	bird
truck-file0131	2816	horse
truck-file0132	2817	car
truck-file0133	2818	cat
truck-file0134	2819	dog
truck-file0135	2820	truck
truck-file0136	2821	monkey
truck-file0137	2822	bird
truck-file0138	2823	airplane
truck-file0139	2824	car
truck-file0140	2825	deer
truck-file0141	2826	truck
truck-file0142	2827	truck
truck-file0143	2828	bird
truck-file0144	2829	airplane
truck-file0145	2830	truck
truck-file0146	2831	dog
truck-file0147	2832	ship
truck-file0148	2833	truck
truck-file0149	2834	bird
truck-file0150	2835	deer
truck-file0151	2836	car
truck-file0152	2837	horse
truck-file0153	2838	ship
truck-file0154	2839	cat
truck-file0155	2840	dog
truck-file0156	2841	monkey
truck-file0157	2842	ship
truck-file0158	2843	airplane
truck-file0159	2844	deer
truck-file0160	2845	bird
truck-file0161	2846	cat
truck-file0162	2847	airplane
truck-file0163	2848	ship
truck-file0164	2849	horse
truck-file0165	2850	airplane
truck-file0166	2851	bird
truck-file0167	2852	ship
truck-file0168	2853	monkey
truck-file0169	2854	dog
truck-file0170	2855	dog
truck-file0171	2856	monkey
truck-file0172	2857	car
truck-file0173	2858	ship
truck-file0174	2859	deer
truck-file0175	2860	car
truck-file0176	2861	ship
truck-file0177	2862	truck
truck-file0178	2863	airplane
truck-file0179	2864	bird
truck-file0180	2865	bird
truck-file0181	2866	truck
truck-file0182	2867	deer
truck-file0183	2868	airplane
truck-file0184	2869	dog
truck-file0185	2870	car
truck-file0186	2871	monkey
truck-file0187	2872	monkey
truck-file0188	2873	ship
truck-file0189	2874	dog
truck-file0190	2875	ship
truck-file0191	2876	airplane
truck-file0192	2877	truck
truck-file0193	2878	horse
truck-file0194	2879	horse
truck-file0195	2880	airplane
truck-file0196	2881	bird
truck-file0197	2882	car
truck-file0198	2883	airplane
truck-file0199	2884	monkey
truck-file0200	2885	airplane
truck-file0201	2886	car
truck-file0202	2887	monkey
truck-file0203	2888	airplane
truck-file0204	2889	car
truck-file0205	2890	ship
truck-file0206	2891	car
truck-file0207	2892	monkey
truck-file0208	2893	truck
truck-file0209	2894	cat
truck-file0210	2895	ship
truck-file0211	2896	truck
truck-file0212	2897	monkey
truck-file0213	2898	deer
truck-file0214	2899	monkey
truck-file0215	2900	dog
truck-file0216	2901	ship
truck-file0217	2902	dog
truck-file0218	2903	car
truck-file0219	2904	horse
truck-file0220	2905	ship
truck-file0221	2906	airplane
truck-file0222	2907	cat
truck-file0223	2908	dog
truck-file0224	2909	airplane
truck-file0225	2910	deer
truck-file0226	2911	dog
truck-file0227	2912	truck
truck-file0228	2913	airplane
truck-file0229	2914	cat
truck-file0230	2915	bird
truck-file0231	2916	ship
truck-file0232	2917	ship
truck-file0233	2918	truck
truck-file0234	2919	monkey
truck-file0235	2920	horse
truck-file0236	2921	horse
truck-file0237	2922	dog
truck-file0238	2923	bird
truck-file0239	2924	horse
truck-file0240	2925	deer
truck-file0241	2926	deer
truck-file0242	2927	dog
truck-file0243	2928	horse
truck-file0244	2929	deer
truck-file0245	2930	monkey
truck-file0246	2931	truck
truck-file0247	2932	dog
truck-file0248	2933	airplane
truck-file0249	2934	monkey
truck-file0250	2935	bird
truck-file0251	2936	ship
truck-file0252	2937	car
truck-file0253	2938	dog
truck-file0254	2939	truck
truck-file0255	2940	horse
truck-file0256	2941	truck
truck-file0257	2942	deer
truck-file0258	2943	dog
truck-file0259	2944	bird
truck-file0260	2945	car
truck-file0261	2946	ship
truck-file0262	2947	deer
truck-file0263	2948	bird
truck-file0264	2949	ship
truck-file0265	2950	bird
truck-file0266	2951	cat
truck-file0267	2952	monkey
truck-file0268	2953	dog
truck-file0269	2954	car
truck-file0270	2955	monkey
truck-file0271	2956	horse
truck-file0272	2957	deer
truck-file0273	2958	deer
truck-file0274	2959	dog
truck-file0275	2960	monkey
truck-file0276	2961	bird
truck-file0277	2962	monkey
truck-file0278	2963	monkey
truck-file0279	2964	cat
truck-file0280	2965	airplane
truck-file0281	2966	ship
truck-file0282	2967	deer
truck-file0283	2968	car
truck-file0284	2969	car
truck-file0285	2970	deer
truck-file0286	2971	monkey
truck-file0287	2972	horse
truck-file0288	2973	airplane
truck-file0289	2974	truck
truck-file0290	2975	monkey
truck-file0291	2976	ship
truck-file0292	2977	deer
truck-file0293	2978	truck
truck-file0294	2979	car
truck-file0295	2980	truck
truck-file0296	2981	truck
truck-file0297	2982	dog
truck-file0298	2983	cat
truck-file0299	2984	truck
truck-file0300	2985	ship
truck-file0301	2986	airplane
truck-file0302	2987	monkey
truck-file0303	2988	truck
truck-file0304	2989	horse
truck-file0305	2990	dog
truck-file0306	2991	dog
truck-file0307	2992	truck
truck-file0308	2993	airplane
truck-file0309	2994	truck
truck-file0310	2995	car
truck-file0311	2996	monkey
truck-file0312	2997	deer
truck-file0313	2998	dog
truck-file0314	2999	bird
