uid	classes
airplane-file0000	truck
airplane-file0001	bird
airplane-file0002	ship
airplane-file0003	airplane
airplane-file0004	truck
airplane-file0005	bird
airplane-file0006	bird
airplane-file0007	airplane
airplane-file0008	car
airplane-file0009	cat
airplane-file0010	ship
airplane-file0011	car
airplane-file0012	horse
airplane-file0013	truck
airplane-file0014	deer
airplane-file0015	dog
airplane-file0016	deer
airplane-file0017	truck
airplane-file0018	horse
airplane-file0019	monkey
airplane-file0020	car
airplane-file0021	horse
airplane-file0022	deer
airplane-file0023	deer
airplane-file0024	airplane
airplane-file0025	truck
airplane-file0026	horse
airplane-file0027	car
airplane-file0028	horse
airplane-file0029	car
airplane-file0030	ship
airplane-file0031	monkey
airplane-file0032	dog
airplane-file0033	truck
airplane-file0034	dog
airplane-file0035	cat
airplane-file0036	truck
airplane-file0037	airplane
airplane-file0038	cat
airplane-file0039	truck
airplane-file0040	deer
airplane-file0041	cat
airplane-file0042	ship
airplane-file0043	horse
airplane-file0044	deer
airplane-file0045	monkey
airplane-file0046	cat
airplane-file0047	cat
airplane-file0048	horse
airplane-file0049	cat
airplane-file0050	car
airplane-file0051	bird
airplane-file0052	truck
airplane-file0053	truck
airplane-file0054	horse
airplane-file0055	cat
airplane-file0056	dog
airplane-file0057	truck
airplane-file0058	airplane
airplane-file0059	cat
airplane-file0060	cat
airplane-file0061	cat
airplane-file0062	truck
airplane-file0063	car
airplane-file0064	ship
airplane-file0065	truck
airplane-file0066	dog
airplane-file0067	monkey
airplane-file0068	monkey
airplane-file0069	horse
airplane-file0070	horse
airplane-file0071	dog
airplane-file0072	deer
airplane-file0073	deer
airplane-file0074	horse
airplane-file0075	dog
airplane-file0076	horse
airplane-file0077	airplane
airplane-file0078	truck
airplane-file0079	airplane
airplane-file0080	car
airplane-file0081	dog
airplane-file0082	airplane
airplane-file0083	airplane
airplane-file0084	horse
airplane-file0085	dog
airplane-file0086	deer
airplane-file0087	dog
airplane-file0088	deer
airplane-file0089	horse
airplane-file0090	monkey
airplane-file0091	dog
airplane-file0092	airplane
airplane-file0093	cat
airplane-file0094	ship
airplane-file0095	dog
airplane-file0096	horse
airplane-file0097	bird
airplane-file0098	bird
airplane-file0099	truck
airplane-file0100	monkey
airplane-file0101	truck
airplane-file0102	car
airplane-file0103	bird
airplane-file0104	horse
airplane-file0105	ship
airplane-file0106	bird
airplane-file0107	horse
airplane-file0108	truck
airplane-file0109	airplane
airplane-file0110	horse
airplane-file0111	truck
airplane-file0112	dog
airplane-file0113	dog
airplane-file0114	car
airplane-file0115	cat
airplane-file0116	bird
airplane-file0117	horse
airplane-file0118	dog
airplane-file0119	ship
airplane-file0120	car
airplane-file0121	monkey
airplane-file0122	car
airplane-file0123	deer
airplane-file0124	cat
airplane-file0125	dog
airplane-file0126	horse
airplane-file0127	ship
airplane-file0128	horse
airplane-file0129	cat
airplane-file0130	truck
airplane-file0131	cat
airplane-file0132	car
airplane-file0133	car
airplane-file0134	deer
airplane-file0135	dog
airplane-file0136	truck
airplane-file0137	horse
airplane-file0138	car
airplane-file0139	horse
airplane-file0140	airplane
airplane-file0141	monkey
airplane-file0142	car
airplane-file0143	deer
airplane-file0144	deer
airplane-file0145	cat
airplane-file0146	car
airplane-file0147	cat
airplane-file0148	airplane
airplane-file0149	truck
airplane-file0150	ship
airplane-file0151	truck
airplane-file0152	airplane
airplane-file0153	horse
airplane-file0154	horse
airplane-file0155	ship
airplane-file0156	horse
airplane-file0157	truck
airplane-file0158	airplane
airplane-file0159	deer
airplane-file0160	truck
airplane-file0161	horse
airplane-file0162	monkey
airplane-file0163	horse
airplane-file0164	dog
airplane-file0165	monkey
airplane-file0166	bird
airplane-file0167	airplane
airplane-file0168	ship
airplane-file0169	airplane
airplane-file0170	dog
airplane-file0171	car
airplane-file0172	ship
airplane-file0173	car
airplane-file0174	ship
airplane-file0175	truck
airplane-file0176	bird
airplane-file0177	monkey
airplane-file0178	dog
airplane-file0179	deer
airplane-file0180	cat
airplane-file0181	car
airplane-file0182	ship
airplane-file0183	bird
airplane-file0184	monkey
airplane-file0185	ship
airplane-file0186	truck
airplane-file0187	dog
airplane-file0188	airplane
airplane-file0189	truck
airplane-file0190	monkey
airplane-file0191	cat
airplane-file0192	dog
airplane-file0193	dog
airplane-file0194	truck
airplane-file0195	bird
airplane-file0196	horse
airplane-file0197	deer
airplane-file0198	cat
airplane-file0199	deer
airplane-file0200	horse
airplane-file0201	deer
airplane-file0202	ship
airplane-file0203	bird
airplane-file0204	cat
airplane-file0205	ship
airplane-file0206	ship
airplane-file0207	car
airplane-file0208	bird
airplane-file0209	monkey
airplane-file0210	monkey
airplane-file0211	horse
airplane-file0212	horse
airplane-file0213	airplane
airplane-file0214	car
airplane-file0215	deer
airplane-file0216	deer
airplane-file0217	car
airplane-file0218	airplane
airplane-file0219	dog
airplane-file0220	truck
airplane-file0221	deer
airplane-file0222	monkey
airplane-file0223	bird
airplane-file0224	horse
airplane-file0225	dog
airplane-file0226	deer
airplane-file0227	monkey
airplane-file0228	bird
airplane-file0229	monkey
airplane-file0230	car
airplane-file0231	truck
airplane-file0232	deer
airplane-file0233	car
airplane-file0234	car
airplane-file0235	car
airplane-file0236	car
airplane-file0237	airplane
airplane-file0238	bird
airplane-file0239	ship
airplane-file0240	car
airplane-file0241	bird
airplane-file0242	cat
airplane-file0243	bird
airplane-file0244	bird
airplane-file0245	bird
airplane-file0246	deer
airplane-file0247	monkey
airplane-file0248	truck
airplane-file0249	truck
airplane-file0250	deer
airplane-file0251	car
airplane-file0252	airplane
airplane-file0253	cat
airplane-file0254	ship
airplane-file0255	cat
airplane-file0256	horse
airplane-file0257	truck
airplane-file0258	airplane
airplane-file0259	truck
airplane-file0260	deer
airplane-file0261	monkey
airplane-file0262	ship
airplane-file0263	dog
airplane-file0264	truck
airplane-file0265	bird
airplane-file0266	dog
airplane-file0267	truck
airplane-file0268	monkey
airplane-file0269	bird
airplane-file0270	car
airplane-file0271	ship
airplane-file0272	car
airplane-file0273	ship
airplane-file0274	dog
airplane-file0275	bird
airplane-file0276	cat
airplane-file0277	dog
airplane-file0278	car
airplane-file0279	monkey
airplane-file0280	bird
airplane-file0281	ship
airplane-file0282	car
airplane-file0283	airplane
airplane-file0284	deer
airplane-file0285	truck
airplane-file0286	horse
airplane-file0287	dog
airplane-file0288	horse
airplane-file0289	cat
airplane-file0290	bird
airplane-file0291	truck
airplane-file0292	bird
airplane-file0293	horse
airplane-file0294	bird
airplane-file0295	dog
airplane-file0296	deer
airplane-file0297	airplane
airplane-file0298	ship
airplane-file0299	ship
bird-file0000	airplane
bird-file0001	ship
bird-file0002	truck
bird-file0003	horse
bird-file0004	dog
bird-file0005	airplane
bird-file0006	truck
bird-file0007	horse
bird-file0008	deer
bird-file0009	airplane
bird-file0010	bird
bird-file0011	dog
bird-file0012	dog
bird-file0013	car
bird-file0014	dog
bird-file0015	deer
bird-file0016	airplane
bird-file0017	horse
bird-file0018	truck
bird-file0019	cat
bird-file0020	ship
bird-file0021	car
bird-file0022	bird
bird-file0023	car
bird-file0024	bird
bird-file0025	deer
bird-file0026	deer
bird-file0027	deer
bird-file0028	bird
bird-file0029	horse
bird-file0030	dog
bird-file0031	dog
bird-file0032	cat
bird-file0033	ship
bird-file0034	cat
bird-file0035	ship
bird-file0036	cat
bird-file0037	ship
bird-file0038	deer
bird-file0039	dog
bird-file0040	truck
bird-file0041	car
bird-file0042	truck
bird-file0043	airplane
bird-file0044	monkey
bird-file0045	deer
bird-file0046	cat
bird-file0047	dog
bird-file0048	cat
bird-file0049	car
bird-file0050	airplane
bird-file0051	monkey
bird-file0052	ship
bird-file0053	deer
bird-file0054	cat
bird-file0055	cat
bird-file0056	ship
bird-file0057	deer
bird-file0058	ship
bird-file0059	airplane
bird-file0060	car
bird-file0061	cat
bird-file0062	monkey
bird-file0063	cat
bird-file0064	truck
bird-file0065	ship
bird-file0066	ship
bird-file0067	monkey
bird-file0068	truck
bird-file0069	monkey
bird-file0070	ship
bird-file0071	airplane
bird-file0072	car
bird-file0073	deer
bird-file0074	car
bird-file0075	horse
bird-file0076	horse
bird-file0077	car
bird-file0078	car
bird-file0079	horse
bird-file0080	deer
bird-file0081	deer
bird-file0082	car
bird-file0083	car
bird-file0084	truck
bird-file0085	ship
bird-file0086	truck
bird-file0087	deer
bird-file0088	truck
bird-file0089	monkey
bird-file0090	car
bird-file0091	airplane
bird-file0092	truck
bird-file0093	car
bird-file0094	truck
bird-file0095	bird
bird-file0096	truck
bird-file0097	deer
bird-file0098	deer
bird-file0099	horse
bird-file0100	deer
bird-file0101	ship
bird-file0102	deer
bird-file0103	car
bird-file0104	truck
bird-file0105	bird
bird-file0106	monkey
bird-file0107	dog
bird-file0108	dog
bird-file0109	bird
bird-file0110	horse
bird-file0111	dog
bird-file0112	car
bird-file0113	truck
bird-file0114	deer
bird-file0115	deer
bird-file0116	bird
bird-file0117	airplane
bird-file0118	dog
bird-file0119	car
bird-file0120	airplane
bird-file0121	monkey
bird-file0122	horse
bird-file0123	car
bird-file0124	ship
bird-file0125	dog
bird-file0126	ship
bird-file0127	deer
bird-file0128	monkey
bird-file0129	dog
bird-file0130	cat
bird-file0131	dog
bird-file0132	ship
bird-file0133	monkey
bird-file0134	bird
bird-file0135	ship
bird-file0136	bird
bird-file0137	truck
bird-file0138	bird
bird-file0139	cat
bird-file0140	cat
bird-file0141	ship
bird-file0142	horse
bird-file0143	deer
bird-file0144	bird
bird-file0145	ship
bird-file0146	truck
bird-file0147	ship
bird-file0148	truck
bird-file0149	cat
bird-file0150	dog
bird-file0151	ship
bird-file0152	cat
bird-file0153	deer
bird-file0154	horse
bird-file0155	car
bird-file0156	monkey
bird-file0157	monkey
bird-file0158	horse
bird-file0159	ship
bird-file0160	dog
bird-file0161	monkey
bird-file0162	monkey
bird-file0163	airplane
bird-file0164	cat
bird-file0165	car
bird-file0166	horse
bird-file0167	car
bird-file0168	airplane
bird-file0169	deer
bird-file0170	car
bird-file0171	cat
bird-file0172	ship
bird-file0173	truck
bird-file0174	horse
bird-file0175	dog
bird-file0176	monkey
bird-file0177	truck
bird-file0178	dog
bird-file0179	cat
bird-file0180	ship
bird-file0181	bird
bird-file0182	deer
bird-file0183	bird
bird-file0184	dog
bird-file0185	airplane
bird-file0186	truck
bird-file0187	ship
bird-file0188	ship
bird-file0189	dog
bird-file0190	cat
bird-file0191	deer
bird-file0192	car
bird-file0193	bird
bird-file0194	horse
bird-file0195	airplane
bird-file0196	ship
bird-file0197	ship
bird-file0198	bird
bird-file0199	deer
bird-file0200	car
bird-file0201	deer
bird-file0202	dog
bird-file0203	cat
bird-file0204	horse
bird-file0205	monkey
bird-file0206	ship
bird-file0207	horse
bird-file0208	dog
bird-file0209	bird
bird-file0210	airplane
bird-file0211	cat
bird-file0212	cat
bird-file0213	horse
bird-file0214	car
bird-file0215	horse
bird-file0216	horse
bird-file0217	car
bird-file0218	bird
bird-file0219	car
bird-file0220	airplane
bird-file0221	bird
bird-file0222	horse
bird-file0223	horse
bird-file0224	deer
bird-file0225	airplane
bird-file0226	bird
bird-file0227	airplane
bird-file0228	car
bird-file0229	ship
bird-file0230	bird
bird-file0231	ship
bird-file0232	cat
bird-file0233	dog
bird-file0234	car
bird-file0235	truck
bird-file0236	car
bird-file0237	airplane
bird-file0238	ship
bird-file0239	horse
bird-file0240	deer
bird-file0241	truck
bird-file0242	car
bird-file0243	airplane
bird-file0244	car
bird-file0245	airplane
bird-file0246	deer
bird-file0247	bird
bird-file0248	car
bird-file0249	truck
bird-file0250	airplane
bird-file0251	horse
bird-file0252	horse
bird-file0253	bird
bird-file0254	monkey
bird-file0255	horse
bird-file0256	ship
bird-file0257	horse
bird-file0258	dog
bird-file0259	cat
bird-file0260	car
bird-file0261	car
bird-file0262	car
bird-file0263	bird
bird-file0264	monkey
bird-file0265	ship
bird-file0266	horse
bird-file0267	deer
bird-file0268	car
bird-file0269	monkey
bird-file0270	ship
bird-file0271	deer
bird-file0272	bird
bird-file0273	truck
bird-file0274	cat
bird-file0275	deer
bird-file0276	airplane
bird-file0277	bird
bird-file0278	car
bird-file0279	deer
bird-file0280	airplane
bird-file0281	ship
bird-file0282	horse
bird-file0283	car
bird-file0284	monkey
bird-file0285	monkey
bird-file0286	cat
bird-file0287	horse
bird-file0288	car
bird-file0289	dog
bird-file0290	monkey
bird-file0291	car
bird-file0292	airplane
car-file0000	ship
car-file0001	deer
car-file0002	airplane
car-file0003	truck
car-file0004	dog
car-file0005	bird
car-file0006	deer
car-file0007	ship
car-file0008	cat
car-file0009	monkey
car-file0010	deer
car-file0011	ship
car-file0012	airplane
car-file0013	deer
car-file0014	airplane
car-file0015	ship
car-file0016	ship
car-file0017	deer
car-file0018	car
car-file0019	horse
car-file0020	bird
car-file0021	airplane
car-file0022	truck
car-file0023	bird
car-file0024	ship
car-file0025	deer
car-file0026	car
car-file0027	bird
car-file0028	deer
car-file0029	truck
car-file0030	bird
car-file0031	deer
car-file0032	horse
car-file0033	airplane
car-file0034	cat
car-file0035	dog
car-file0036	car
car-file0037	horse
car-file0038	cat
car-file0039	airplane
car-file0040	deer
car-file0041	monkey
car-file0042	horse
car-file0043	truck
car-file0044	bird
car-file0045	cat
car-file0046	monkey
car-file0047	horse
car-file0048	deer
car-file0049	horse
car-file0050	dog
car-file0051	dog
car-file0052	horse
car-file0053	car
car-file0054	truck
car-file0055	truck
car-file0056	truck
car-file0057	dog
car-file0058	deer
car-file0059	deer
car-file0060	monkey
car-file0061	ship
car-file0062	deer
car-file0063	ship
car-file0064	horse
car-file0065	dog
car-file0066	airplane
car-file0067	horse
car-file0068	truck
car-file0069	car
car-file0070	car
car-file0071	cat
car-file0072	dog
car-file0073	horse
car-file0074	truck
car-file0075	bird
car-file0076	horse
car-file0077	dog
car-file0078	horse
car-file0079	cat
car-file0080	bird
car-file0081	deer
car-file0082	cat
car-file0083	deer
car-file0084	ship
car-file0085	cat
car-file0086	bird
car-file0087	airplane
car-file0088	cat
car-file0089	airplane
car-file0090	airplane
car-file0091	dog
car-file0092	dog
car-file0093	horse
car-file0094	cat
car-file0095	deer
car-file0096	bird
car-file0097	bird
car-file0098	cat
car-file0099	monkey
car-file0100	monkey
car-file0101	deer
car-file0102	horse
car-file0103	deer
car-file0104	cat
car-file0105	cat
car-file0106	deer
car-file0107	truck
car-file0108	cat
car-file0109	deer
car-file0110	airplane
car-file0111	bird
car-file0112	deer
car-file0113	truck
car-file0114	ship
car-file0115	cat
car-file0116	horse
car-file0117	horse
car-file0118	monkey
car-file0119	bird
car-file0120	dog
car-file0121	car
car-file0122	monkey
car-file0123	car
car-file0124	bird
car-file0125	airplane
car-file0126	car
car-file0127	airplane
car-file0128	airplane
car-file0129	horse
car-file0130	deer
car-file0131	deer
car-file0132	bird
car-file0133	dog
car-file0134	airplane
car-file0135	horse
car-file0136	ship
car-file0137	airplane
car-file0138	car
car-file0139	horse
car-file0140	deer
car-file0141	car
car-file0142	truck
car-file0143	horse
car-file0144	deer
car-file0145	truck
car-file0146	ship
car-file0147	ship
car-file0148	cat
car-file0149	cat
car-file0150	cat
car-file0151	cat
car-file0152	horse
car-file0153	car
car-file0154	horse
car-file0155	cat
car-file0156	cat
car-file0157	dog
car-file0158	car
car-file0159	truck
car-file0160	car
car-file0161	cat
car-file0162	dog
car-file0163	bird
car-file0164	ship
car-file0165	airplane
car-file0166	truck
car-file0167	car
car-file0168	horse
car-file0169	car
car-file0170	deer
car-file0171	cat
car-file0172	horse
car-file0173	horse
car-file0174	airplane
car-file0175	horse
car-file0176	bird
car-file0177	deer
car-file0178	car
car-file0179	airplane
car-file0180	horse
car-file0181	dog
car-file0182	airplane
car-file0183	truck
car-file0184	monkey
car-file0185	airplane
car-file0186	dog
car-file0187	monkey
car-file0188	car
car-file0189	deer
car-file0190	truck
car-file0191	car
car-file0192	deer
car-file0193	ship
car-file0194	cat
car-file0195	horse
car-file0196	airplane
car-file0197	airplane
car-file0198	airplane
car-file0199	ship
car-file0200	dog
car-file0201	airplane
car-file0202	bird
car-file0203	ship
car-file0204	monkey
car-file0205	cat
car-file0206	deer
car-file0207	truck
car-file0208	bird
car-file0209	deer
car-file0210	car
car-file0211	ship
car-file0212	car
car-file0213	cat
car-file0214	truck
car-file0215	dog
car-file0216	cat
car-file0217	horse
car-file0218	deer
car-file0219	dog
car-file0220	airplane
car-file0221	cat
car-file0222	dog
car-file0223	airplane
car-file0224	truck
car-file0225	dog
car-file0226	horse
car-file0227	horse
car-file0228	dog
car-file0229	bird
car-file0230	cat
car-file0231	horse
car-file0232	horse
car-file0233	monkey
car-file0234	bird
car-file0235	ship
car-file0236	airplane
car-file0237	monkey
car-file0238	ship
car-file0239	car
car-file0240	airplane
car-file0241	car
car-file0242	ship
car-file0243	truck
car-file0244	horse
car-file0245	truck
car-file0246	truck
car-file0247	airplane
car-file0248	airplane
car-file0249	horse
car-file0250	cat
car-file0251	deer
car-file0252	airplane
car-file0253	dog
car-file0254	bird
car-file0255	ship
car-file0256	bird
car-file0257	truck
car-file0258	car
car-file0259	monkey
car-file0260	ship
car-file0261	cat
car-file0262	airplane
car-file0263	bird
car-file0264	monkey
car-file0265	deer
car-file0266	dog
car-file0267	car
car-file0268	dog
car-file0269	truck
car-file0270	cat
car-file0271	ship
car-file0272	dog
car-file0273	ship
car-file0274	dog
car-file0275	truck
car-file0276	bird
car-file0277	cat
car-file0278	truck
car-file0279	deer
car-file0280	dog
car-file0281	truck
car-file0282	ship
car-file0283	ship
car-file0284	truck
car-file0285	car
car-file0286	horse
car-file0287	airplane
car-file0288	car
car-file0289	car
car-file0290	airplane
car-file0291	truck
car-file0292	deer
car-file0293	ship
car-file0294	airplane
car-file0295	ship
car-file0296	car
car-file0297	horse
car-file0298	horse
car-file0299	horse
car-file0300	horse
car-file0301	ship
car-file0302	horse
car-file0303	monkey
car-file0304	deer
car-file0305	horse
car-file0306	deer
car-file0307	airplane
car-file0308	airplane
car-file0309	horse
car-file0310	monkey
car-file0311	car
car-file0312	dog
car-file0313	airplane
car-file0314	ship
car-file0315	deer
cat-file0000	dog
cat-file0001	ship
cat-file0002	car
cat-file0003	cat
cat-file0004	bird
cat-file0005	ship
cat-file0006	dog
cat-file0007	truck
cat-file0008	dog
cat-file0009	deer
cat-file0010	airplane
cat-file0011	horse
cat-file0012	cat
cat-file0013	bird
cat-file0014	ship
cat-file0015	dog
cat-file0016	ship
cat-file0017	deer
cat-file0018	bird
cat-file0019	car
cat-file0020	cat
cat-file0021	ship
cat-file0022	monkey
cat-file0023	horse
cat-file0024	bird
cat-file0025	cat
cat-file0026	dog
cat-file0027	ship
cat-file0028	bird
cat-file0029	cat
cat-file0030	dog
cat-file0031	truck
cat-file0032	car
cat-file0033	airplane
cat-file0034	horse
cat-file0035	dog
cat-file0036	deer
cat-file0037	deer
cat-file0038	horse
cat-file0039	car
cat-file0040	cat
cat-file0041	truck
cat-file0042	ship
cat-file0043	cat
cat-file0044	car
cat-file0045	monkey
cat-file0046	deer
cat-file0047	deer
cat-file0048	horse
cat-file0049	bird
cat-file0050	horse
cat-file0051	horse
cat-file0052	airplane
cat-file0053	dog
cat-file0054	bird
cat-file0055	cat
cat-file0056	dog
cat-file0057	bird
cat-file0058	cat
cat-file0059	bird
cat-file0060	car
cat-file0061	airplane
cat-file0062	horse
cat-file0063	cat
cat-file0064	cat
cat-file0065	car
cat-file0066	horse
cat-file0067	bird
cat-file0068	truck
cat-file0069	airplane
cat-file0070	horse
cat-file0071	ship
cat-file0072	bird
cat-file0073	ship
cat-file0074	car
cat-file0075	deer
cat-file0076	horse
cat-file0077	car
cat-file0078	airplane
cat-file0079	airplane
cat-file0080	cat
cat-file0081	car
cat-file0082	dog
cat-file0083	truck
cat-file0084	airplane
cat-file0085	deer
cat-file0086	ship
cat-file0087	car
cat-file0088	car
cat-file0089	airplane
cat-file0090	horse
cat-file0091	horse
cat-file0092	deer
cat-file0093	cat
cat-file0094	bird
cat-file0095	bird
cat-file0096	ship
cat-file0097	horse
cat-file0098	horse
cat-file0099	car
cat-file0100	airplane
cat-file0101	ship
cat-file0102	bird
cat-file0103	ship
cat-file0104	horse
cat-file0105	horse
cat-file0106	ship
cat-file0107	car
cat-file0108	monkey
cat-file0109	car
cat-file0110	truck
cat-file0111	monkey
cat-file0112	ship
cat-file0113	airplane
cat-file0114	ship
cat-file0115	airplane
cat-file0116	cat
cat-file0117	cat
cat-file0118	horse
cat-file0119	horse
cat-file0120	deer
cat-file0121	deer
cat-file0122	cat
cat-file0123	ship
cat-file0124	dog
cat-file0125	deer
cat-file0126	airplane
cat-file0127	car
cat-file0128	car
cat-file0129	ship
cat-file0130	dog
cat-file0131	horse
cat-file0132	deer
cat-file0133	horse
cat-file0134	deer
cat-file0135	deer
cat-file0136	cat
cat-file0137	cat
cat-file0138	horse
cat-file0139	horse
cat-file0140	dog
cat-file0141	dog
cat-file0142	dog
cat-file0143	monkey
cat-file0144	monkey
cat-file0145	deer
cat-file0146	dog
cat-file0147	horse
cat-file0148	bird
cat-file0149	horse
cat-file0150	deer
cat-file0151	horse
cat-file0152	deer
cat-file0153	bird
cat-file0154	horse
cat-file0155	bird
cat-file0156	ship
cat-file0157	bird
cat-file0158	car
cat-file0159	ship
cat-file0160	truck
cat-file0161	car
cat-file0162	dog
cat-file0163	truck
cat-file0164	truck
cat-file0165	horse
cat-file0166	dog
cat-file0167	truck
cat-file0168	car
cat-file0169	truck
cat-file0170	deer
cat-file0171	horse
cat-file0172	airplane
cat-file0173	car
cat-file0174	car
cat-file0175	horse
cat-file0176	deer
cat-file0177	bird
cat-file0178	horse
cat-file0179	horse
cat-file0180	dog
cat-file0181	bird
cat-file0182	car
cat-file0183	dog
cat-file0184	horse
cat-file0185	cat
cat-file0186	deer
cat-file0187	dog
cat-file0188	horse
cat-file0189	cat
cat-file0190	airplane
cat-file0191	bird
cat-file0192	dog
cat-file0193	deer
cat-file0194	dog
cat-file0195	horse
cat-file0196	dog
cat-file0197	horse
cat-file0198	car
cat-file0199	horse
cat-file0200	dog
cat-file0201	deer
cat-file0202	horse
cat-file0203	bird
cat-file0204	deer
cat-file0205	monkey
cat-file0206	truck
cat-file0207	deer
cat-file0208	dog
cat-file0209	ship
cat-file0210	deer
cat-file0211	horse
cat-file0212	deer
cat-file0213	ship
cat-file0214	bird
cat-file0215	deer
cat-file0216	car
cat-file0217	dog
cat-file0218	airplane
cat-file0219	horse
cat-file0220	ship
cat-file0221	dog
cat-file0222	car
cat-file0223	car
cat-file0224	airplane
cat-file0225	deer
cat-file0226	deer
cat-file0227	cat
cat-file0228	horse
cat-file0229	deer
cat-file0230	cat
cat-file0231	monkey
cat-file0232	bird
cat-file0233	airplane
cat-file0234	airplane
cat-file0235	airplane
cat-file0236	car
cat-file0237	bird
cat-file0238	airplane
cat-file0239	horse
cat-file0240	dog
cat-file0241	monkey
cat-file0242	dog
cat-file0243	car
cat-file0244	car
cat-file0245	cat
cat-file0246	ship
cat-file0247	dog
cat-file0248	cat
cat-file0249	cat
cat-file0250	deer
cat-file0251	truck
cat-file0252	cat
cat-file0253	truck
cat-file0254	bird
cat-file0255	ship
cat-file0256	ship
cat-file0257	horse
cat-file0258	car
cat-file0259	cat
cat-file0260	bird
cat-file0261	ship
cat-file0262	ship
cat-file0263	horse
cat-file0264	bird
cat-file0265	airplane
cat-file0266	dog
cat-file0267	airplane
cat-file0268	ship
cat-file0269	truck
cat-file0270	deer
deer-file0000	car
deer-file0001	horse
deer-file0002	deer
deer-file0003	truck
deer-file0004	deer
deer-file0005	truck
deer-file0006	deer
deer-file0007	truck
deer-file0008	truck
deer-file0009	bird
deer-file0010	cat
deer-file0011	horse
deer-file0012	dog
deer-file0013	car
deer-file0014	airplane
deer-file0015	car
deer-file0016	car
deer-file0017	car
deer-file0018	cat
deer-file0019	monkey
deer-file0020	truck
deer-file0021	car
deer-file0022	bird
deer-file0023	ship
deer-file0024	horse
deer-file0025	monkey
deer-file0026	horse
deer-file0027	ship
deer-file0028	cat
deer-file0029	car
deer-file0030	bird
deer-file0031	horse
deer-file0032	ship
deer-file0033	deer
deer-file0034	horse
deer-file0035	bird
deer-file0036	horse
deer-file0037	deer
deer-file0038	ship
deer-file0039	car
deer-file0040	airplane
deer-file0041	cat
deer-file0042	car
deer-file0043	ship
deer-file0044	airplane
deer-file0045	truck
deer-file0046	car
deer-file0047	dog
deer-file0048	horse
deer-file0049	bird
deer-file0050	horse
deer-file0051	horse
deer-file0052	airplane
deer-file0053	bird
deer-file0054	truck
deer-file0055	bird
deer-file0056	horse
deer-file0057	deer
deer-file0058	car
deer-file0059	monkey
deer-file0060	monkey
deer-file0061	dog
deer-file0062	airplane
deer-file0063	truck
deer-file0064	horse
deer-file0065	airplane
deer-file0066	ship
deer-file0067	horse
deer-file0068	dog
deer-file0069	ship
deer-file0070	deer
deer-file0071	deer
deer-file0072	cat
deer-file0073	deer
deer-file0074	ship
deer-file0075	bird
deer-file0076	deer
deer-file0077	dog
deer-file0078	horse
deer-file0079	cat
deer-file0080	deer
deer-file0081	cat
deer-file0082	car
deer-file0083	deer
deer-file0084	car
deer-file0085	truck
deer-file0086	horse
deer-file0087	bird
deer-file0088	car
deer-file0089	airplane
deer-file0090	cat
deer-file0091	monkey
deer-file0092	cat
deer-file0093	bird
deer-file0094	horse
deer-file0095	ship
deer-file0096	truck
deer-file0097	airplane
deer-file0098	bird
deer-file0099	deer
deer-file0100	car
deer-file0101	airplane
deer-file0102	monkey
deer-file0103	deer
deer-file0104	cat
deer-file0105	car
deer-file0106	bird
deer-file0107	monkey
deer-file0108	deer
deer-file0109	dog
deer-file0110	monkey
deer-file0111	airplane
deer-file0112	ship
deer-file0113	dog
deer-file0114	airplane
deer-file0115	bird
deer-file0116	dog
deer-file0117	cat
deer-file0118	horse
deer-file0119	airplane
deer-file0120	horse
deer-file0121	car
deer-file0122	deer
deer-file0123	deer
deer-file0124	monkey
deer-file0125	monkey
deer-file0126	dog
deer-file0127	deer
deer-file0128	horse
deer-file0129	horse
deer-file0130	bird
deer-file0131	ship
deer-file0132	ship
deer-file0133	car
deer-file0134	cat
deer-file0135	cat
deer-file0136	dog
deer-file0137	car
deer-file0138	airplane
deer-file0139	truck
deer-file0140	horse
deer-file0141	bird
deer-file0142	dog
deer-file0143	ship
deer-file0144	cat
deer-file0145	dog
deer-file0146	ship
deer-file0147	truck
deer-file0148	monkey
deer-file0149	airplane
deer-file0150	cat
deer-file0151	monkey
deer-file0152	horse
deer-file0153	airplane
deer-file0154	cat
deer-file0155	bird
deer-file0156	ship
deer-file0157	car
deer-file0158	car
deer-file0159	bird
deer-file0160	horse
deer-file0161	bird
deer-file0162	truck
deer-file0163	car
deer-file0164	dog
deer-file0165	car
deer-file0166	truck
deer-file0167	deer
deer-file0168	airplane
deer-file0169	ship
deer-file0170	car
deer-file0171	deer
deer-file0172	cat
deer-file0173	car
deer-file0174	monkey
deer-file0175	truck
deer-file0176	horse
deer-file0177	airplane
deer-file0178	dog
deer-file0179	truck
deer-file0180	truck
deer-file0181	dog
deer-file0182	truck
deer-file0183	deer
deer-file0184	deer
deer-file0185	monkey
deer-file0186	car
deer-file0187	ship
deer-file0188	airplane
deer-file0189	monkey
deer-file0190	horse
deer-file0191	horse
deer-file0192	dog
deer-file0193	deer
deer-file0194	airplane
deer-file0195	airplane
deer-file0196	airplane
deer-file0197	monkey
deer-file0198	deer
deer-file0199	dog
deer-file0200	car
deer-file0201	bird
deer-file0202	dog
deer-file0203	cat
deer-file0204	deer
deer-file0205	deer
deer-file0206	cat
deer-file0207	car
deer-file0208	monkey
deer-file0209	airplane
deer-file0210	airplane
deer-file0211	dog
deer-file0212	truck
deer-file0213	horse
deer-file0214	cat
deer-file0215	airplane
deer-file0216	airplane
deer-file0217	cat
deer-file0218	truck
deer-file0219	dog
deer-file0220	ship
deer-file0221	truck
deer-file0222	deer
deer-file0223	car
deer-file0224	deer
deer-file0225	bird
deer-file0226	car
deer-file0227	car
deer-file0228	horse
deer-file0229	deer
deer-file0230	cat
deer-file0231	car
deer-file0232	horse
deer-file0233	car
deer-file0234	horse
deer-file0235	horse
deer-file0236	car
deer-file0237	ship
deer-file0238	horse
deer-file0239	airplane
deer-file0240	horse
deer-file0241	horse
deer-file0242	car
deer-file0243	bird
deer-file0244	airplane
deer-file0245	truck
deer-file0246	car
deer-file0247	truck
deer-file0248	car
deer-file0249	cat
deer-file0250	bird
deer-file0251	truck
deer-file0252	bird
deer-file0253	monkey
deer-file0254	dog
deer-file0255	truck
deer-file0256	car
deer-file0257	horse
deer-file0258	truck
deer-file0259	cat
deer-file0260	monkey
deer-file0261	ship
deer-file0262	truck
deer-file0263	airplane
deer-file0264	cat
deer-file0265	horse
deer-file0266	cat
deer-file0267	horse
deer-file0268	truck
deer-file0269	bird
deer-file0270	horse
deer-file0271	airplane
deer-file0272	deer
deer-file0273	car
deer-file0274	truck
deer-file0275	ship
deer-file0276	horse
deer-file0277	deer
deer-file0278	deer
deer-file0279	car
deer-file0280	dog
deer-file0281	airplane
deer-file0282	truck
deer-file0283	truck
deer-file0284	ship
deer-file0285	car
deer-file0286	monkey
deer-file0287	airplane
deer-file0288	airplane
deer-file0289	bird
deer-file0290	horse
deer-file0291	deer
deer-file0292	horse
deer-file0293	bird
deer-file0294	ship
deer-file0295	dog
deer-file0296	deer
deer-file0297	airplane
deer-file0298	horse
deer-file0299	dog
deer-file0300	ship
deer-file0301	horse
deer-file0302	truck
deer-file0303	ship
deer-file0304	cat
deer-file0305	car
deer-file0306	ship
deer-file0307	dog
deer-file0308	horse
dog-file0000	car
dog-file0001	truck
dog-file0002	ship
dog-file0003	bird
dog-file0004	deer
dog-file0005	truck
dog-file0006	cat
dog-file0007	deer
dog-file0008	horse
dog-file0009	horse
dog-file0010	deer
dog-file0011	horse
dog-file0012	dog
dog-file0013	truck
dog-file0014	airplane
dog-file0015	horse
dog-file0016	truck
dog-file0017	car
dog-file0018	dog
dog-file0019	monkey
dog-file0020	monkey
dog-file0021	cat
dog-file0022	airplane
dog-file0023	dog
dog-file0024	cat
dog-file0025	bird
dog-file0026	truck
dog-file0027	ship
dog-file0028	dog
dog-file0029	dog
dog-file0030	bird
dog-file0031	dog
dog-file0032	ship
dog-file0033	horse
dog-file0034	airplane
dog-file0035	deer
dog-file0036	dog
dog-file0037	airplane
dog-file0038	truck
dog-file0039	bird
dog-file0040	truck
dog-file0041	ship
dog-file0042	cat
dog-file0043	airplane
dog-file0044	car
dog-file0045	bird
dog-file0046	horse
dog-file0047	horse
dog-file0048	airplane
dog-file0049	deer
dog-file0050	ship
dog-file0051	airplane
dog-file0052	car
dog-file0053	horse
dog-file0054	truck
dog-file0055	cat
dog-file0056	monkey
dog-file0057	horse
dog-file0058	airplane
dog-file0059	dog
dog-file0060	horse
dog-file0061	cat
dog-file0062	truck
dog-file0063	ship
dog-file0064	ship
dog-file0065	deer
dog-file0066	deer
dog-file0067	truck
dog-file0068	cat
dog-file0069	monkey
dog-file0070	cat
dog-file0071	airplane
dog-file0072	truck
dog-file0073	horse
dog-file0074	deer
dog-file0075	airplane
dog-file0076	deer
dog-file0077	deer
dog-file0078	car
dog-file0079	monkey
dog-file0080	deer
dog-file0081	horse
dog-file0082	cat
dog-file0083	truck
dog-file0084	truck
dog-file0085	bird
dog-file0086	airplane
dog-file0087	ship
dog-file0088	car
dog-file0089	truck
dog-file0090	truck
dog-file0091	airplane
dog-file0092	car
dog-file0093	horse
dog-file0094	horse
dog-file0095	truck
dog-file0096	airplane
dog-file0097	car
dog-file0098	ship
dog-file0099	deer
dog-file0100	cat
dog-file0101	horse
dog-file0102	dog
dog-file0103	truck
dog-file0104	car
dog-file0105	deer
dog-file0106	cat
dog-file0107	horse
dog-file0108	cat
dog-file0109	car
dog-file0110	horse
dog-file0111	dog
dog-file0112	deer
dog-file0113	dog
dog-file0114	deer
dog-file0115	dog
dog-file0116	horse
dog-file0117	truck
dog-file0118	dog
dog-file0119	cat
dog-file0120	horse
dog-file0121	truck
dog-file0122	dog
dog-file0123	airplane
dog-file0124	dog
dog-file0125	airplane
dog-file0126	deer
dog-file0127	bird
dog-file0128	truck
dog-file0129	airplane
dog-file0130	bird
dog-file0131	bird
dog-file0132	horse
dog-file0133	horse
dog-file0134	deer
dog-file0135	bird
dog-file0136	deer
dog-file0137	airplane
dog-file0138	deer
dog-file0139	bird
dog-file0140	monkey
dog-file0141	ship
dog-file0142	dog
dog-file0143	deer
dog-file0144	horse
dog-file0145	ship
dog-file0146	deer
dog-file0147	dog
dog-file0148	truck
dog-file0149	deer
dog-file0150	horse
dog-file0151	monkey
dog-file0152	ship
dog-file0153	cat
dog-file0154	cat
dog-file0155	ship
dog-file0156	ship
dog-file0157	dog
dog-file0158	car
dog-file0159	cat
dog-file0160	monkey
dog-file0161	horse
dog-file0162	car
dog-file0163	truck
dog-file0164	dog
dog-file0165	deer
dog-file0166	bird
dog-file0167	airplane
dog-file0168	deer
dog-file0169	truck
dog-file0170	dog
dog-file0171	truck
dog-file0172	cat
dog-file0173	cat
dog-file0174	ship
dog-file0175	truck
dog-file0176	bird
dog-file0177	horse
dog-file0178	bird
dog-file0179	dog
dog-file0180	bird
dog-file0181	truck
dog-file0182	cat
dog-file0183	truck
dog-file0184	dog
dog-file0185	monkey
dog-file0186	deer
dog-file0187	car
dog-file0188	truck
dog-file0189	airplane
dog-file0190	car
dog-file0191	ship
dog-file0192	cat
dog-file0193	car
dog-file0194	airplane
dog-file0195	deer
dog-file0196	airplane
dog-file0197	dog
dog-file0198	airplane
dog-file0199	ship
dog-file0200	cat
dog-file0201	cat
dog-file0202	deer
dog-file0203	car
dog-file0204	horse
dog-file0205	cat
dog-file0206	airplane
dog-file0207	ship
dog-file0208	deer
dog-file0209	horse
dog-file0210	bird
dog-file0211	truck
dog-file0212	truck
dog-file0213	bird
dog-file0214	truck
dog-file0215	truck
dog-file0216	truck
dog-file0217	cat
dog-file0218	car
dog-file0219	deer
dog-file0220	cat
dog-file0221	deer
dog-file0222	horse
dog-file0223	bird
dog-file0224	car
dog-file0225	monkey
dog-file0226	truck
dog-file0227	car
dog-file0228	deer
dog-file0229	horse
dog-file0230	horse
dog-file0231	horse
dog-file0232	bird
dog-file0233	deer
dog-file0234	deer
dog-file0235	ship
dog-file0236	horse
dog-file0237	airplane
dog-file0238	bird
dog-file0239	cat
dog-file0240	ship
dog-file0241	truck
dog-file0242	deer
dog-file0243	deer
dog-file0244	car
dog-file0245	dog
dog-file0246	ship
dog-file0247	bird
dog-file0248	bird
dog-file0249	monkey
dog-file0250	horse
dog-file0251	dog
dog-file0252	truck
dog-file0253	deer
dog-file0254	bird
dog-file0255	car
dog-file0256	airplane
dog-file0257	car
dog-file0258	truck
dog-file0259	deer
dog-file0260	ship
dog-file0261	airplane
dog-file0262	bird
dog-file0263	deer
dog-file0264	ship
dog-file0265	airplane
dog-file0266	airplane
dog-file0267	truck
dog-file0268	truck
dog-file0269	deer
dog-file0270	car
dog-file0271	cat
dog-file0272	ship
dog-file0273	car
dog-file0274	horse
dog-file0275	monkey
dog-file0276	ship
dog-file0277	truck
dog-file0278	deer
dog-file0279	monkey
dog-file0280	ship
dog-file0281	truck
dog-file0282	car
dog-file0283	monkey
dog-file0284	horse
dog-file0285	ship
dog-file0286	monkey
dog-file0287	deer
dog-file0288	car
dog-file0289	monkey
dog-file0290	dog
dog-file0291	deer
dog-file0292	dog
dog-file0293	truck
dog-file0294	deer
dog-file0295	airplane
dog-file0296	ship
dog-file0297	dog
dog-file0298	cat
dog-file0299	truck
dog-file0300	airplane
dog-file0301	deer
dog-file0302	deer
dog-file0303	dog
dog-file0304	airplane
dog-file0305	deer
dog-file0306	car
dog-file0307	cat
dog-file0308	car
dog-file0309	airplane
dog-file0310	dog
dog-file0311	car
dog-file0312	cat
dog-file0313	car
dog-file0314	truck
dog-file0315	ship
dog-file0316	horse
horse-file0000	ship
horse-file0001	bird
horse-file0002	truck
horse-file0003	cat
horse-file0004	deer
horse-file0005	truck
horse-file0006	monkey
horse-file0007	cat
horse-file0008	monkey
horse-file0009	deer
horse-file0010	airplane
horse-file0011	truck
horse-file0012	truck
horse-file0013	bird
horse-file0014	truck
horse-file0015	truck
horse-file0016	cat
horse-file0017	deer
horse-file0018	truck
horse-file0019	bird
horse-file0020	car
horse-file0021	monkey
horse-file0022	cat
horse-file0023	horse
horse-file0024	bird
horse-file0025	deer
horse-file0026	car
horse-file0027	deer
horse-file0028	monkey
horse-file0029	car
horse-file0030	ship
horse-file0031	truck
horse-file0032	bird
horse-file0033	dog
horse-file0034	car
horse-file0035	dog
horse-file0036	car
horse-file0037	airplane
horse-file0038	bird
horse-file0039	car
horse-file0040	horse
horse-file0041	monkey
horse-file0042	horse
horse-file0043	cat
horse-file0044	airplane
horse-file0045	monkey
horse-file0046	dog
horse-file0047	truck
horse-file0048	monkey
horse-file0049	deer
horse-file0050	airplane
horse-file0051	horse
horse-file0052	horse
horse-file0053	horse
horse-file0054	airplane
horse-file0055	car
horse-file0056	car
horse-file0057	ship
horse-file0058	airplane
horse-file0059	ship
horse-file0060	horse
horse-file0061	car
horse-file0062	airplane
horse-file0063	deer
horse-file0064	airplane
horse-file0065	horse
horse-file0066	airplane
horse-file0067	car
horse-file0068	deer
horse-file0069	dog
horse-file0070	horse
horse-file0071	cat
horse-file0072	cat
horse-file0073	ship
horse-file0074	cat
horse-file0075	airplane
horse-file0076	monkey
horse-file0077	dog
horse-file0078	dog
horse-file0079	deer
horse-file0080	deer
horse-file0081	horse
horse-file0082	cat
horse-file0083	bird
horse-file0084	ship
horse-file0085	monkey
horse-file0086	dog
horse-file0087	ship
horse-file0088	airplane
horse-file0089	cat
horse-file0090	car
horse-file0091	bird
horse-file0092	horse
horse-file0093	cat
horse-file0094	ship
horse-file0095	bird
horse-file0096	ship
horse-file0097	ship
horse-file0098	bird
horse-file0099	cat
horse-file0100	monkey
horse-file0101	ship
horse-file0102	airplane
horse-file0103	cat
horse-file0104	car
horse-file0105	dog
horse-file0106	horse
horse-file0107	cat
horse-file0108	bird
horse-file0109	car
horse-file0110	monkey
horse-file0111	car
horse-file0112	bird
horse-file0113	cat
horse-file0114	ship
horse-file0115	cat
horse-file0116	bird
horse-file0117	airplane
horse-file0118	cat
horse-file0119	car
horse-file0120	car
horse-file0121	ship
horse-file0122	cat
horse-file0123	bird
horse-file0124	car
horse-file0125	horse
horse-file0126	dog
horse-file0127	cat
horse-file0128	dog
horse-file0129	ship
horse-file0130	monkey
horse-file0131	truck
horse-file0132	ship
horse-file0133	ship
horse-file0134	dog
horse-file0135	deer
horse-file0136	cat
horse-file0137	deer
horse-file0138	deer
horse-file0139	horse
horse-file0140	bird
horse-file0141	airplane
horse-file0142	truck
horse-file0143	airplane
horse-file0144	ship
horse-file0145	bird
horse-file0146	car
horse-file0147	truck
horse-file0148	bird
horse-file0149	ship
horse-file0150	car
horse-file0151	monkey
horse-file0152	deer
horse-file0153	truck
horse-file0154	ship
horse-file0155	cat
horse-file0156	dog
horse-file0157	bird
horse-file0158	bird
horse-file0159	cat
horse-file0160	horse
horse-file0161	monkey
horse-file0162	monkey
horse-file0163	deer
horse-file0164	truck
horse-file0165	bird
horse-file0166	dog
horse-file0167	airplane
horse-file0168	truck
horse-file0169	monkey
horse-file0170	deer
horse-file0171	ship
horse-file0172	monkey
horse-file0173	bird
horse-file0174	airplane
horse-file0175	airplane
horse-file0176	cat
horse-file0177	truck
horse-file0178	deer
horse-file0179	bird
horse-file0180	car
horse-file0181	airplane
horse-file0182	truck
horse-file0183	car
horse-file0184	car
horse-file0185	ship
horse-file0186	cat
horse-file0187	deer
horse-file0188	dog
horse-file0189	dog
horse-file0190	monkey
horse-file0191	bird
horse-file0192	horse
horse-file0193	car
horse-file0194	deer
horse-file0195	dog
horse-file0196	cat
horse-file0197	bird
horse-file0198	truck
horse-file0199	horse
horse-file0200	deer
horse-file0201	car
horse-file0202	deer
horse-file0203	horse
horse-file0204	bird
horse-file0205	dog
horse-file0206	car
horse-file0207	horse
horse-file0208	bird
horse-file0209	deer
horse-file0210	deer
horse-file0211	airplane
horse-file0212	bird
horse-file0213	bird
horse-file0214	ship
horse-file0215	airplane
horse-file0216	truck
horse-file0217	car
horse-file0218	cat
horse-file0219	deer
horse-file0220	car
horse-file0221	horse
horse-file0222	bird
horse-file0223	bird
horse-file0224	monkey
horse-file0225	ship
horse-file0226	bird
horse-file0227	deer
horse-file0228	car
horse-file0229	truck
horse-file0230	airplane
horse-file0231	dog
horse-file0232	dog
horse-file0233	deer
horse-file0234	monkey
horse-file0235	horse
horse-file0236	airplane
horse-file0237	deer
horse-file0238	car
horse-file0239	car
horse-file0240	airplane
horse-file0241	cat
horse-file0242	airplane
horse-file0243	dog
horse-file0244	monkey
horse-file0245	airplane
horse-file0246	deer
horse-file0247	truck
horse-file0248	cat
horse-file0249	truck
horse-file0250	ship
horse-file0251	ship
horse-file0252	car
horse-file0253	dog
horse-file0254	car
horse-file0255	bird
horse-file0256	horse
horse-file0257	bird
horse-file0258	horse
horse-file0259	truck
horse-file0260	airplane
horse-file0261	car
horse-file0262	cat
horse-file0263	monkey
horse-file0264	airplane
horse-file0265	deer
horse-file0266	car
horse-file0267	airplane
horse-file0268	truck
horse-file0269	dog
horse-file0270	dog
horse-file0271	bird
horse-file0272	deer
horse-file0273	airplane
horse-file0274	horse
horse-file0275	airplane
horse-file0276	car
horse-file0277	monkey
horse-file0278	truck
horse-file0279	horse
horse-file0280	airplane
horse-file0281	dog
horse-file0282	car
horse-file0283	horse
horse-file0284	dog
horse-file0285	bird
horse-file0286	truck
monkey-file0000	deer
monkey-file0001	truck
monkey-file0002	car
monkey-file0003	bird
monkey-file0004	airplane
monkey-file0005	truck
monkey-file0006	monkey
monkey-file0007	deer
monkey-file0008	cat
monkey-file0009	ship
monkey-file0010	horse
monkey-file0011	horse
monkey-file0012	truck
monkey-file0013	horse
monkey-file0014	car
monkey-file0015	deer
monkey-file0016	ship
monkey-file0017	dog
monkey-file0018	cat
monkey-file0019	ship
monkey-file0020	bird
monkey-file0021	deer
monkey-file0022	airplane
monkey-file0023	cat
monkey-file0024	truck
monkey-file0025	airplane
monkey-file0026	airplane
monkey-file0027	cat
monkey-file0028	airplane
monkey-file0029	cat
monkey-file0030	airplane
monkey-file0031	bird
monkey-file0032	horse
monkey-file0033	horse
monkey-file0034	airplane
monkey-file0035	airplane
monkey-file0036	horse
monkey-file0037	truck
monkey-file0038	car
monkey-file0039	deer
monkey-file0040	car
monkey-file0041	dog
monkey-file0042	cat
monkey-file0043	truck
monkey-file0044	bird
monkey-file0045	horse
monkey-file0046	bird
monkey-file0047	truck
monkey-file0048	dog
monkey-file0049	truck
monkey-file0050	cat
monkey-file0051	ship
monkey-file0052	deer
monkey-file0053	bird
monkey-file0054	deer
monkey-file0055	airplane
monkey-file0056	cat
monkey-file0057	truck
monkey-file0058	cat
monkey-file0059	deer
monkey-file0060	deer
monkey-file0061	dog
monkey-file0062	deer
monkey-file0063	airplane
monkey-file0064	ship
monkey-file0065	ship
monkey-file0066	ship
monkey-file0067	horse
monkey-file0068	bird
monkey-file0069	bird
monkey-file0070	bird
monkey-file0071	deer
monkey-file0072	cat
monkey-file0073	deer
monkey-file0074	horse
monkey-file0075	dog
monkey-file0076	monkey
monkey-file0077	car
monkey-file0078	cat
monkey-file0079	truck
monkey-file0080	cat
monkey-file0081	truck
monkey-file0082	airplane
monkey-file0083	car
monkey-file0084	horse
monkey-file0085	car
monkey-file0086	monkey
monkey-file0087	ship
monkey-file0088	bird
monkey-file0089	monkey
monkey-file0090	truck
monkey-file0091	ship
monkey-file0092	ship
monkey-file0093	car
monkey-file0094	bird
monkey-file0095	truck
monkey-file0096	monkey
monkey-file0097	bird
monkey-file0098	horse
monkey-file0099	horse
monkey-file0100	ship
monkey-file0101	airplane
monkey-file0102	airplane
monkey-file0103	monkey
monkey-file0104	dog
monkey-file0105	dog
monkey-file0106	deer
monkey-file0107	dog
monkey-file0108	bird
monkey-file0109	monkey
monkey-file0110	airplane
monkey-file0111	car
monkey-file0112	horse
monkey-file0113	ship
monkey-file0114	bird
monkey-file0115	airplane
monkey-file0116	dog
monkey-file0117	cat
monkey-file0118	ship
monkey-file0119	car
monkey-file0120	dog
monkey-file0121	airplane
monkey-file0122	airplane
monkey-file0123	ship
monkey-file0124	airplane
monkey-file0125	deer
monkey-file0126	horse
monkey-file0127	car
monkey-file0128	truck
monkey-file0129	deer
monkey-file0130	deer
monkey-file0131	dog
monkey-file0132	deer
monkey-file0133	ship
monkey-file0134	truck
monkey-file0135	deer
monkey-file0136	monkey
monkey-file0137	airplane
monkey-file0138	deer
monkey-file0139	truck
monkey-file0140	deer
monkey-file0141	ship
monkey-file0142	deer
monkey-file0143	horse
monkey-file0144	horse
monkey-file0145	ship
monkey-file0146	ship
monkey-file0147	horse
monkey-file0148	car
monkey-file0149	horse
monkey-file0150	ship
monkey-file0151	ship
monkey-file0152	bird
monkey-file0153	truck
monkey-file0154	truck
monkey-file0155	deer
monkey-file0156	airplane
monkey-file0157	horse
monkey-file0158	horse
monkey-file0159	dog
monkey-file0160	car
monkey-file0161	ship
monkey-file0162	airplane
monkey-file0163	car
monkey-file0164	horse
monkey-file0165	horse
monkey-file0166	deer
monkey-file0167	cat
monkey-file0168	ship
monkey-file0169	horse
monkey-file0170	dog
monkey-file0171	horse
monkey-file0172	deer
monkey-file0173	car
monkey-file0174	bird
monkey-file0175	truck
monkey-file0176	truck
monkey-file0177	monkey
monkey-file0178	horse
monkey-file0179	bird
monkey-file0180	truck
monkey-file0181	car
monkey-file0182	cat
monkey-file0183	airplane
monkey-file0184	horse
monkey-file0185	monkey
monkey-file0186	airplane
monkey-file0187	horse
monkey-file0188	truck
monkey-file0189	cat
monkey-file0190	dog
monkey-file0191	monkey
monkey-file0192	car
monkey-file0193	monkey
monkey-file0194	car
monkey-file0195	deer
monkey-file0196	car
monkey-file0197	cat
monkey-file0198	bird
monkey-file0199	car
monkey-file0200	ship
monkey-file0201	ship
monkey-file0202	truck
monkey-file0203	airplane
monkey-file0204	monkey
monkey-file0205	horse
monkey-file0206	deer
monkey-file0207	truck
monkey-file0208	horse
monkey-file0209	truck
monkey-file0210	cat
monkey-file0211	truck
monkey-file0212	horse
monkey-file0213	cat
monkey-file0214	airplane
monkey-file0215	truck
monkey-file0216	car
monkey-file0217	airplane
monkey-file0218	car
monkey-file0219	truck
monkey-file0220	car
monkey-file0221	monkey
monkey-file0222	dog
monkey-file0223	airplane
monkey-file0224	airplane
monkey-file0225	horse
monkey-file0226	airplane
monkey-file0227	cat
monkey-file0228	car
monkey-file0229	horse
monkey-file0230	deer
monkey-file0231	dog
monkey-file0232	deer
monkey-file0233	horse
monkey-file0234	cat
monkey-file0235	deer
monkey-file0236	ship
monkey-file0237	cat
monkey-file0238	dog
monkey-file0239	car
monkey-file0240	dog
monkey-file0241	bird
monkey-file0242	deer
monkey-file0243	car
monkey-file0244	deer
monkey-file0245	ship
monkey-file0246	airplane
monkey-file0247	dog
monkey-file0248	monkey
monkey-file0249	dog
monkey-file0250	ship
monkey-file0251	deer
monkey-file0252	horse
monkey-file0253	horse
monkey-file0254	horse
monkey-file0255	ship
monkey-file0256	ship
monkey-file0257	horse
monkey-file0258	cat
monkey-file0259	horse
monkey-file0260	bird
monkey-file0261	monkey
monkey-file0262	truck
monkey-file0263	monkey
monkey-file0264	monkey
monkey-file0265	ship
monkey-file0266	deer
monkey-file0267	cat
monkey-file0268	airplane
monkey-file0269	cat
monkey-file0270	cat
monkey-file0271	horse
monkey-file0272	truck
monkey-file0273	horse
monkey-file0274	cat
monkey-file0275	truck
monkey-file0276	cat
monkey-file0277	truck
monkey-file0278	deer
monkey-file0279	bird
monkey-file0280	ship
monkey-file0281	ship
monkey-file0282	horse
monkey-file0283	cat
monkey-file0284	cat
monkey-file0285	dog
monkey-file0286	airplane
monkey-file0287	car
monkey-file0288	horse
monkey-file0289	ship
monkey-file0290	deer
monkey-file0291	deer
monkey-file0292	horse
monkey-file0293	airplane
monkey-file0294	ship
ship-file0000	deer
ship-file0001	ship
ship-file0002	ship
ship-file0003	car
ship-file0004	bird
ship-file0005	cat
ship-file0006	dog
ship-file0007	deer
ship-file0008	truck
ship-file0009	airplane
ship-file0010	car
ship-file0011	monkey
ship-file0012	deer
ship-file0013	dog
ship-file0014	cat
ship-file0015	truck
ship-file0016	truck
ship-file0017	deer
ship-file0018	truck
ship-file0019	deer
ship-file0020	truck
ship-file0021	deer
ship-file0022	airplane
ship-file0023	truck
ship-file0024	truck
ship-file0025	dog
ship-file0026	horse
ship-file0027	bird
ship-file0028	bird
ship-file0029	horse
ship-file0030	dog
ship-file0031	horse
ship-file0032	horse
ship-file0033	cat
ship-file0034	bird
ship-file0035	car
ship-file0036	deer
ship-file0037	car
ship-file0038	monkey
ship-file0039	deer
ship-file0040	horse
ship-file0041	cat
ship-file0042	car
ship-file0043	dog
ship-file0044	truck
ship-file0045	ship
ship-file0046	horse
ship-file0047	bird
ship-file0048	car
ship-file0049	ship
ship-file0050	ship
ship-file0051	bird
ship-file0052	horse
ship-file0053	horse
ship-file0054	dog
ship-file0055	dog
ship-file0056	car
ship-file0057	airplane
ship-file0058	truck
ship-file0059	horse
ship-file0060	bird
ship-file0061	cat
ship-file0062	airplane
ship-file0063	bird
ship-file0064	cat
ship-file0065	car
ship-file0066	monkey
ship-file0067	car
ship-file0068	ship
ship-file0069	car
ship-file0070	car
ship-file0071	deer
ship-file0072	truck
ship-file0073	bird
ship-file0074	truck
ship-file0075	airplane
ship-file0076	cat
ship-file0077	truck
ship-file0078	truck
ship-file0079	ship
ship-file0080	bird
ship-file0081	horse
ship-file0082	bird
ship-file0083	deer
ship-file0084	car
ship-file0085	bird
ship-file0086	bird
ship-file0087	ship
ship-file0088	bird
ship-file0089	bird
ship-file0090	deer
ship-file0091	horse
ship-file0092	cat
ship-file0093	horse
ship-file0094	horse
ship-file0095	truck
ship-file0096	ship
ship-file0097	monkey
ship-file0098	deer
ship-file0099	car
ship-file0100	dog
ship-file0101	airplane
ship-file0102	bird
ship-file0103	monkey
ship-file0104	car
ship-file0105	car
ship-file0106	car
ship-file0107	bird
ship-file0108	monkey
ship-file0109	car
ship-file0110	truck
ship-file0111	truck
ship-file0112	monkey
ship-file0113	ship
ship-file0114	cat
ship-file0115	airplane
ship-file0116	horse
ship-file0117	deer
ship-file0118	bird
ship-file0119	ship
ship-file0120	ship
ship-file0121	deer
ship-file0122	horse
ship-file0123	cat
ship-file0124	car
ship-file0125	bird
ship-file0126	car
ship-file0127	truck
ship-file0128	airplane
ship-file0129	airplane
ship-file0130	bird
ship-file0131	bird
ship-file0132	deer
ship-file0133	monkey
ship-file0134	ship
ship-file0135	deer
ship-file0136	cat
ship-file0137	ship
ship-file0138	car
ship-file0139	deer
ship-file0140	dog
ship-file0141	car
ship-file0142	cat
ship-file0143	car
ship-file0144	airplane
ship-file0145	ship
ship-file0146	deer
ship-file0147	cat
ship-file0148	monkey
ship-file0149	horse
ship-file0150	ship
ship-file0151	truck
ship-file0152	car
ship-file0153	ship
ship-file0154	cat
ship-file0155	car
ship-file0156	deer
ship-file0157	deer
ship-file0158	dog
ship-file0159	cat
ship-file0160	horse
ship-file0161	car
ship-file0162	car
ship-file0163	dog
ship-file0164	ship
ship-file0165	car
ship-file0166	truck
ship-file0167	horse
ship-file0168	ship
ship-file0169	car
ship-file0170	bird
ship-file0171	dog
ship-file0172	deer
ship-file0173	truck
ship-file0174	truck
ship-file0175	cat
ship-file0176	deer
ship-file0177	truck
ship-file0178	truck
ship-file0179	monkey
ship-file0180	ship
ship-file0181	cat
ship-file0182	monkey
ship-file0183	horse
ship-file0184	truck
ship-file0185	deer
ship-file0186	airplane
ship-file0187	horse
ship-file0188	cat
ship-file0189	cat
ship-file0190	deer
ship-file0191	bird
ship-file0192	horse
ship-file0193	car
ship-file0194	car
ship-file0195	ship
ship-file0196	car
ship-file0197	car
ship-file0198	deer
ship-file0199	cat
ship-file0200	dog
ship-file0201	ship
ship-file0202	airplane
ship-file0203	truck
ship-file0204	cat
ship-file0205	ship
ship-file0206	truck
ship-file0207	dog
ship-file0208	truck
ship-file0209	airplane
ship-file0210	bird
ship-file0211	deer
ship-file0212	cat
ship-file0213	cat
ship-file0214	horse
ship-file0215	dog
ship-file0216	truck
ship-file0217	airplane
ship-file0218	cat
ship-file0219	deer
ship-file0220	bird
ship-file0221	cat
ship-file0222	dog
ship-file0223	bird
ship-file0224	truck
ship-file0225	airplane
ship-file0226	deer
ship-file0227	dog
ship-file0228	airplane
ship-file0229	cat
ship-file0230	dog
ship-file0231	truck
ship-file0232	deer
ship-file0233	airplane
ship-file0234	bird
ship-file0235	deer
ship-file0236	airplane
ship-file0237	deer
ship-file0238	airplane
ship-file0239	car
ship-file0240	bird
ship-file0241	truck
ship-file0242	truck
ship-file0243	airplane
ship-file0244	bird
ship-file0245	horse
ship-file0246	horse
ship-file0247	truck
ship-file0248	airplane
ship-file0249	ship
ship-file0250	bird
ship-file0251	monkey
ship-file0252	deer
ship-file0253	horse
ship-file0254	cat
ship-file0255	ship
ship-file0256	ship
ship-file0257	cat
ship-file0258	deer
ship-file0259	bird
ship-file0260	horse
ship-file0261	horse
ship-file0262	ship
ship-file0263	bird
ship-file0264	airplane
ship-file0265	deer
ship-file0266	monkey
ship-file0267	ship
ship-file0268	cat
ship-file0269	deer
ship-file0270	ship
ship-file0271	deer
ship-file0272	car
ship-file0273	deer
ship-file0274	monkey
ship-file0275	horse
ship-file0276	bird
ship-file0277	car
ship-file0278	bird
ship-file0279	bird
ship-file0280	ship
ship-file0281	monkey
ship-file0282	cat
ship-file0283	dog
ship-file0284	truck
ship-file0285	bird
ship-file0286	deer
ship-file0287	bird
ship-file0288	horse
ship-file0289	airplane
ship-file0290	truck
ship-file0291	airplane
ship-file0292	ship
ship-file0293	deer
ship-file0294	cat
ship-file0295	cat
ship-file0296	horse
truck-file0000	ship
truck-file0001	airplane
truck-file0002	deer
truck-file0003	bird
truck-file0004	truck
truck-file0005	cat
truck-file0006	deer
truck-file0007	horse
truck-file0008	deer
truck-file0009	horse
truck-file0010	cat
truck-file0011	cat
truck-file0012	car
truck-file0013	monkey
truck-file0014	ship
truck-file0015	ship
truck-file0016	deer
truck-file0017	ship
truck-file0018	ship
truck-file0019	horse
truck-file0020	horse
truck-file0021	horse
truck-file0022	bird
truck-file0023	dog
truck-file0024	car
truck-file0025	horse
truck-file0026	bird
truck-file0027	bird
truck-file0028	bird
truck-file0029	truck
truck-file0030	horse
truck-file0031	car
truck-file0032	airplane
truck-file0033	ship
truck-file0034	dog
truck-file0035	deer
truck-file0036	deer
truck-file0037	ship
truck-file0038	deer
truck-file0039	ship
truck-file0040	deer
truck-file0041	deer
truck-file0042	truck
truck-file0043	bird
truck-file0044	deer
truck-file0045	car
truck-file0046	car
truck-file0047	bird
truck-file0048	bird
truck-file0049	ship
truck-file0050	cat
truck-file0051	horse
truck-file0052	ship
truck-file0053	dog
truck-file0054	car
truck-file0055	truck
truck-file0056	truck
truck-file0057	cat
truck-file0058	car
truck-file0059	monkey
truck-file0060	dog
truck-file0061	horse
truck-file0062	cat
truck-file0063	airplane
truck-file0064	horse
truck-file0065	truck
truck-file0066	cat
truck-file0067	ship
truck-file0068	horse
truck-file0069	truck
truck-file0070	deer
truck-file0071	bird
truck-file0072	ship
truck-file0073	cat
truck-file0074	cat
truck-file0075	airplane
truck-file0076	bird
truck-file0077	ship
truck-file0078	truck
truck-file0079	dog
truck-file0080	car
truck-file0081	airplane
truck-file0082	truck
truck-file0083	truck
truck-file0084	deer
truck-file0085	ship
truck-file0086	car
truck-file0087	horse
truck-file0088	cat
truck-file0089	airplane
truck-file0090	horse
truck-file0091	dog
truck-file0092	cat
truck-file0093	car
truck-file0094	bird
truck-file0095	truck
truck-file0096	deer
truck-file0097	car
truck-file0098	cat
truck-file0099	horse
truck-file0100	bird
truck-file0101	dog
truck-file0102	monkey
truck-file0103	deer
truck-file0104	deer
truck-file0105	horse
truck-file0106	dog
truck-file0107	dog
truck-file0108	bird
truck-file0109	truck
truck-file0110	bird
truck-file0111	car
truck-file0112	car
truck-file0113	cat
truck-file0114	horse
truck-file0115	bird
truck-file0116	car
truck-file0117	truck
truck-file0118	horse
truck-file0119	dog
truck-file0120	horse
truck-file0121	car
truck-file0122	airplane
truck-file0123	horse
truck-file0124	ship
truck-file0125	horse
truck-file0126	airplane
truck-file0127	truck
truck-file0128	horse
truck-file0129	truck
truck-file0130	dog
truck-file0131	car
truck-file0132	horse
truck-file0133	car
truck-file0134	monkey
truck-file0135	car
truck-file0136	airplane
truck-file0137	horse
truck-file0138	car
truck-file0139	horse
truck-file0140	ship
truck-file0141	ship
truck-file0142	dog
truck-file0143	car
truck-file0144	deer
truck-file0145	truck
truck-file0146	deer
truck-file0147	monkey
truck-file0148	car
truck-file0149	ship
truck-file0150	car
truck-file0151	cat
truck-file0152	horse
truck-file0153	truck
truck-file0154	cat
truck-file0155	cat
truck-file0156	deer
truck-file0157	bird
truck-file0158	dog
truck-file0159	ship
truck-file0160	deer
truck-file0161	cat
truck-file0162	bird
truck-file0163	ship
truck-file0164	deer
truck-file0165	deer
truck-file0166	airplane
truck-file0167	truck
truck-file0168	truck
truck-file0169	monkey
truck-file0170	ship
truck-file0171	cat
truck-file0172	airplane
truck-file0173	monkey
truck-file0174	deer
truck-file0175	truck
truck-file0176	horse
truck-file0177	bird
truck-file0178	bird
truck-file0179	airplane
truck-file0180	horse
truck-file0181	dog
truck-file0182	cat
truck-file0183	bird
truck-file0184	bird
truck-file0185	truck
truck-file0186	car
truck-file0187	bird
truck-file0188	horse
truck-file0189	bird
truck-file0190	truck
truck-file0191	airplane
truck-file0192	dog
truck-file0193	bird
truck-file0194	airplane
truck-file0195	horse
truck-file0196	deer
truck-file0197	cat
truck-file0198	car
truck-file0199	dog
truck-file0200	car
truck-file0201	deer
truck-file0202	bird
truck-file0203	bird
truck-file0204	car
truck-file0205	monkey
truck-file0206	airplane
truck-file0207	car
truck-file0208	cat
truck-file0209	horse
truck-file0210	deer
truck-file0211	airplane
truck-file0212	deer
truck-file0213	car
truck-file0214	deer
truck-file0215	car
truck-file0216	bird
truck-file0217	horse
truck-file0218	airplane
truck-file0219	deer
truck-file0220	car
truck-file0221	cat
truck-file0222	truck
truck-file0223	dog
truck-file0224	car
truck-file0225	ship
truck-file0226	cat
truck-file0227	cat
truck-file0228	deer
truck-file0229	monkey
truck-file0230	cat
truck-file0231	dog
truck-file0232	dog
truck-file0233	dog
truck-file0234	car
truck-file0235	deer
truck-file0236	airplane
truck-file0237	deer
truck-file0238	ship
truck-file0239	airplane
truck-file0240	ship
truck-file0241	bird
truck-file0242	monkey
truck-file0243	bird
truck-file0244	car
truck-file0245	airplane
truck-file0246	horse
truck-file0247	monkey
truck-file0248	car
truck-file0249	dog
truck-file0250	horse
truck-file0251	ship
truck-file0252	ship
truck-file0253	airplane
truck-file0254	car
truck-file0255	truck
truck-file0256	bird
truck-file0257	cat
truck-file0258	deer
truck-file0259	car
truck-file0260	horse
truck-file0261	airplane
truck-file0262	horse
truck-file0263	dog
truck-file0264	truck
truck-file0265	bird
truck-file0266	horse
truck-file0267	horse
truck-file0268	ship
truck-file0269	ship
truck-file0270	dog
truck-file0271	horse
truck-file0272	cat
truck-file0273	ship
truck-file0274	truck
truck-file0275	dog
truck-file0276	cat
truck-file0277	car
truck-file0278	deer
truck-file0279	airplane
truck-file0280	bird
truck-file0281	ship
truck-file0282	deer
truck-file0283	car
truck-file0284	dog
truck-file0285	deer
truck-file0286	car
truck-file0287	bird
truck-file0288	deer
truck-file0289	deer
truck-file0290	deer
truck-file0291	monkey
truck-file0292	horse
truck-file0293	cat
truck-file0294	car
truck-file0295	truck
truck-file0296	horse
truck-file0297	bird
truck-file0298	truck
truck-file0299	dog
truck-file0300	bird
truck-file0301	deer
truck-file0302	ship
truck-file0303	horse
truck-file0304	cat
truck-file0305	ship
truck-file0306	deer
truck-file0307	deer
truck-file0308	cat
truck-file0309	deer
truck-file0310	truck
truck-file0311	truck
truck-file0312	horse
truck-file0313	deer
truck-file0314	bird
